{
  "config": {
    "mode": "baseline",
    "dataset": "mmlu",
    "k_s": 5,
    "k_m": 10,
    "n_samples": 100,
    "proxy_type": null,
    "proxy_threshold": null,
    "mavg_window": 5,
    "leniency": 1,
    "max_length": 200
  },
  "summary": {
    "tokens_per_sec": 32.02533110290025,
    "avg_wall_time": 0.2510512685775757,
    "avg_ml_calls": 1.67,
    "avg_mm_calls": 0.0,
    "avg_ms_calls": 16.7,
    "avg_mm_rejected_by_ms": 0.0,
    "accuracy": 0.3
  },
  "raw": {
    "wall_times": [
      0.6712064743041992,
      0.3008885383605957,
      0.15129661560058594,
      0.15169286727905273,
      0.2956671714782715,
      0.15272235870361328,
      0.14786100387573242,
      0.1507265567779541,
      0.3062245845794678,
      0.29892492294311523,
      0.14934134483337402,
      0.2997865676879883,
      0.2922022342681885,
      0.46386194229125977,
      0.2902517318725586,
      0.1505897045135498,
      0.14642643928527832,
      0.29699015617370605,
      0.4391312599182129,
      0.14958810806274414,
      0.14839982986450195,
      0.295365571975708,
      0.14885997772216797,
      0.43713998794555664,
      0.1530001163482666,
      0.5935194492340088,
      0.148240327835083,
      0.5878221988677979,
      0.15292143821716309,
      0.15032720565795898,
      0.14774012565612793,
      0.2941856384277344,
      0.1486501693725586,
      0.5884933471679688,
      0.14760589599609375,
      0.29215478897094727,
      0.2898428440093994,
      0.5831468105316162,
      0.29407644271850586,
      0.14869260787963867,
      0.44240736961364746,
      0.29402971267700195,
      0.15039849281311035,
      0.1499004364013672,
      0.14990019798278809,
      0.14853763580322266,
      0.14910054206848145,
      0.44516563415527344,
      0.14755463600158691,
      0.2933676242828369,
      0.14984416961669922,
      0.44750237464904785,
      0.2941725254058838,
      0.14904141426086426,
      0.29280710220336914,
      0.4448390007019043,
      0.15032410621643066,
      0.2927370071411133,
      0.15018892288208008,
      0.14834070205688477,
      0.1501939296722412,
      0.1490797996520996,
      0.1475818157196045,
      0.29684019088745117,
      0.29325246810913086,
      0.1489112377166748,
      0.14772987365722656,
      0.29387617111206055,
      0.5852024555206299,
      0.14713788032531738,
      0.2957031726837158,
      0.2912120819091797,
      0.29176878929138184,
      0.29296183586120605,
      0.14827227592468262,
      0.1486353874206543,
      0.14942550659179688,
      0.2957334518432617,
      0.1489410400390625,
      0.14951872825622559,
      0.15102028846740723,
      0.44321465492248535,
      0.1533677577972412,
      0.1491541862487793,
      0.14974308013916016,
      0.14900851249694824,
      0.14919352531433105,
      0.29633402824401855,
      0.4422276020050049,
      0.1515190601348877,
      0.14766860008239746,
      0.434436559677124,
      0.2953221797943115,
      0.29062962532043457,
      0.1500101089477539,
      0.14873647689819336,
      0.29475998878479004,
      0.14931893348693848,
      0.29096174240112305,
      0.15079689025878906
    ],
    "tokens_generated": [
      7,
      11,
      9,
      6,
      12,
      8,
      8,
      6,
      8,
      9,
      6,
      10,
      7,
      13,
      8,
      8,
      7,
      7,
      10,
      6,
      8,
      12,
      8,
      15,
      8,
      5,
      8,
      5,
      6,
      6,
      6,
      8,
      8,
      8,
      8,
      10,
      5,
      5,
      9,
      6,
      5,
      8,
      6,
      8,
      8,
      6,
      6,
      7,
      8,
      7,
      8,
      7,
      10,
      6,
      10,
      7,
      8,
      9,
      8,
      6,
      8,
      9,
      6,
      10,
      7,
      8,
      8,
      12,
      15,
      8,
      8,
      10,
      12,
      8,
      9,
      6,
      8,
      8,
      8,
      8,
      11,
      7,
      6,
      8,
      8,
      6,
      6,
      8,
      9,
      6,
      6,
      12,
      12,
      7,
      8,
      6,
      9,
      11,
      8,
      6
    ],
    "ml_forward_calls": [
      2,
      2,
      1,
      1,
      2,
      1,
      1,
      1,
      2,
      2,
      1,
      2,
      2,
      3,
      2,
      1,
      1,
      2,
      3,
      1,
      1,
      2,
      1,
      3,
      1,
      4,
      1,
      4,
      1,
      1,
      1,
      2,
      1,
      4,
      1,
      2,
      2,
      4,
      2,
      1,
      3,
      2,
      1,
      1,
      1,
      1,
      1,
      3,
      1,
      2,
      1,
      3,
      2,
      1,
      2,
      3,
      1,
      2,
      1,
      1,
      1,
      1,
      1,
      2,
      2,
      1,
      1,
      2,
      4,
      1,
      2,
      2,
      2,
      2,
      1,
      1,
      1,
      2,
      1,
      1,
      1,
      3,
      1,
      1,
      1,
      1,
      1,
      2,
      3,
      1,
      1,
      3,
      2,
      2,
      1,
      1,
      2,
      1,
      2,
      1
    ],
    "mm_forward_calls": [
      0,
      0,
      0,
      0,
      0,
      0,
      0,
      0,
      0,
      0,
      0,
      0,
      0,
      0,
      0,
      0,
      0,
      0,
      0,
      0,
      0,
      0,
      0,
      0,
      0,
      0,
      0,
      0,
      0,
      0,
      0,
      0,
      0,
      0,
      0,
      0,
      0,
      0,
      0,
      0,
      0,
      0,
      0,
      0,
      0,
      0,
      0,
      0,
      0,
      0,
      0,
      0,
      0,
      0,
      0,
      0,
      0,
      0,
      0,
      0,
      0,
      0,
      0,
      0,
      0,
      0,
      0,
      0,
      0,
      0,
      0,
      0,
      0,
      0,
      0,
      0,
      0,
      0,
      0,
      0,
      0,
      0,
      0,
      0,
      0,
      0,
      0,
      0,
      0,
      0,
      0,
      0,
      0,
      0,
      0,
      0,
      0,
      0,
      0,
      0
    ],
    "ms_forward_calls": [
      20,
      20,
      10,
      10,
      20,
      10,
      10,
      10,
      20,
      20,
      10,
      20,
      20,
      30,
      20,
      10,
      10,
      20,
      30,
      10,
      10,
      20,
      10,
      30,
      10,
      40,
      10,
      40,
      10,
      10,
      10,
      20,
      10,
      40,
      10,
      20,
      20,
      40,
      20,
      10,
      30,
      20,
      10,
      10,
      10,
      10,
      10,
      30,
      10,
      20,
      10,
      30,
      20,
      10,
      20,
      30,
      10,
      20,
      10,
      10,
      10,
      10,
      10,
      20,
      20,
      10,
      10,
      20,
      40,
      10,
      20,
      20,
      20,
      20,
      10,
      10,
      10,
      20,
      10,
      10,
      10,
      30,
      10,
      10,
      10,
      10,
      10,
      20,
      30,
      10,
      10,
      30,
      20,
      20,
      10,
      10,
      20,
      10,
      20,
      10
    ],
    "mm_rejected_by_ms": [
      0,
      0,
      0,
      0,
      0,
      0,
      0,
      0,
      0,
      0,
      0,
      0,
      0,
      0,
      0,
      0,
      0,
      0,
      0,
      0,
      0,
      0,
      0,
      0,
      0,
      0,
      0,
      0,
      0,
      0,
      0,
      0,
      0,
      0,
      0,
      0,
      0,
      0,
      0,
      0,
      0,
      0,
      0,
      0,
      0,
      0,
      0,
      0,
      0,
      0,
      0,
      0,
      0,
      0,
      0,
      0,
      0,
      0,
      0,
      0,
      0,
      0,
      0,
      0,
      0,
      0,
      0,
      0,
      0,
      0,
      0,
      0,
      0,
      0,
      0,
      0,
      0,
      0,
      0,
      0,
      0,
      0,
      0,
      0,
      0,
      0,
      0,
      0,
      0,
      0,
      0,
      0,
      0,
      0,
      0,
      0,
      0,
      0,
      0,
      0
    ],