{
  "config": {
    "mode": "autoregressive",
    "dataset": "mmlu",
    "k_s": 5,
    "k_m": 10,
    "n_samples": 100,
    "proxy_type": null,
    "proxy_threshold": null,
    "mavg_window": 5,
    "leniency": 1,
    "max_length": 200
  },
  "summary": {
    "tokens_per_sec": 19.8932348562153,
    "avg_wall_time": 0.25134172677993777,
    "avg_ml_calls": 5.0,
    "avg_mm_calls": 0.0,
    "avg_ms_calls": 0.0,
    "avg_mm_rejected_by_ms": 0.0,
    "accuracy": 0.3
  },
  "raw": {
    "wall_times": [
      0.5785143375396729,
      0.25437307357788086,
      0.2506115436553955,
      0.24347686767578125,
      0.2480030059814453,
      0.24680542945861816,
      0.24352025985717773,
      0.25038599967956543,
      0.2499222755432129,
      0.2439873218536377,
      0.24524879455566406,
      0.2506420612335205,
      0.24229168891906738,
      0.25353455543518066,
      0.25009584426879883,
      0.24582886695861816,
      0.24918889999389648,
      0.24952125549316406,
      0.23792767524719238,
      0.24624395370483398,
      0.24963879585266113,
      0.24712538719177246,
      0.24581432342529297,
      0.2453017234802246,
      0.25044798851013184,
      0.24981021881103516,
      0.2516520023345947,
      0.24406194686889648,
      0.24239659309387207,
      0.2500138282775879,
      0.24348831176757812,
      0.2514822483062744,
      0.24420976638793945,
      0.24477839469909668,
      0.2501084804534912,
      0.24974393844604492,
      0.248152494430542,
      0.25104355812072754,
      0.2586395740509033,
      0.2370307445526123,
      0.25016260147094727,
      0.2584562301635742,
      0.2457432746887207,
      0.241957426071167,
      0.24673223495483398,
      0.251270055770874,
      0.25103187561035156,
      0.2382802963256836,
      0.24869847297668457,
      0.23854899406433105,
      0.2498478889465332,
      0.23753952980041504,
      0.23735451698303223,
      0.24715828895568848,
      0.25673604011535645,
      0.25054001808166504,
      0.24972271919250488,
      0.2625265121459961,
      0.2508080005645752,
      0.24373626708984375,
      0.2501811981201172,
      0.24521493911743164,
      0.24337458610534668,
      0.25136780738830566,
      0.263073205947876,
      0.237382173538208,
      0.2504115104675293,
      0.2521529197692871,
      0.24620366096496582,
      0.24521827697753906,
      0.249220609664917,
      0.2486422061920166,
      0.2424018383026123,
      0.25855016708374023,
      0.24498724937438965,
      0.2520170211791992,
      0.24571657180786133,
      0.2640388011932373,
      0.2446136474609375,
      0.2457292079925537,
      0.2529275417327881,
      0.2518007755279541,
      0.2522251605987549,
      0.24750828742980957,
      0.24831295013427734,
      0.24549579620361328,
      0.24626684188842773,
      0.2512524127960205,
      0.2488412857055664,
      0.2507917881011963,
      0.2440183162689209,
      0.2484910488128662,
      0.24499058723449707,
      0.24991512298583984,
      0.25092267990112305,
      0.249006986618042,
      0.23913240432739258,
      0.2374720573425293,
      0.25148606300354004,
      0.2509016990661621
    ],
    "tokens_generated": [
      5,
      5,
      5,
      5,
      5,
      5,
      5,
      5,
      5,
      5,
      5,
      5,
      5,
      5,
      5,
      5,
      5,
      5,
      5,
      5,
      5,
      5,
      5,
      5,
      5,
      5,
      5,
      5,
      5,
      5,
      5,
      5,
      5,
      5,
      5,
      5,
      5,
      5,
      5,
      5,
      5,
      5,
      5,
      5,
      5,
      5,
      5,
      5,
      5,
      5,
      5,
      5,
      5,
      5,
      5,
      5,
      5,
      5,
      5,
      5,
      5,
      5,
      5,
      5,
      5,
      5,
      5,
      5,
      5,
      5,
      5,
      5,
      5,
      5,
      5,
      5,
      5,
      5,
      5,
      5,
      5,
      5,
      5,
      5,
      5,
      5,
      5,
      5,
      5,
      5,
      5,
      5,
      5,
      5,
      5,
      5,
      5,
      5,
      5,
      5
    ],
    "ml_forward_calls": [
      5,
      5,
      5,
      5,
      5,
      5,
      5,
      5,
      5,
      5,
      5,
      5,
      5,
      5,
      5,
      5,
      5,
      5,
      5,
      5,
      5,
      5,
      5,
      5,
      5,
      5,
      5,
      5,
      5,
      5,
      5,
      5,
      5,
      5,
      5,
      5,
      5,
      5,
      5,
      5,
      5,
      5,
      5,
      5,
      5,
      5,
      5,
      5,
      5,
      5,
      5,
      5,
      5,
      5,
      5,
      5,
      5,
      5,
      5,
      5,
      5,
      5,
      5,
      5,
      5,
      5,
      5,
      5,
      5,
      5,
      5,
      5,
      5,
      5,
      5,
      5,
      5,
      5,
      5,
      5,
      5,
      5,
      5,
      5,
      5,
      5,
      5,
      5,
      5,
      5,
      5,
      5,
      5,
      5,
      5,
      5,
      5,
      5,
      5,
      5
    ],
    "mm_forward_calls": [
      0,
      0,
      0,
      0,
      0,
      0,
      0,
      0,
      0,
      0,
      0,
      0,
      0,
      0,
      0,
      0,
      0,
      0,
      0,
      0,
      0,
      0,
      0,
      0,
      0,
      0,
      0,
      0,
      0,
      0,
      0,
      0,
      0,
      0,
      0,
      0,
      0,
      0,
      0,
      0,
      0,
      0,
      0,
      0,
      0,
      0,
      0,
      0,
      0,
      0,
      0,
      0,
      0,
      0,
      0,
      0,
      0,
      0,
      0,
      0,
      0,
      0,
      0,
      0,
      0,
      0,
      0,
      0,
      0,
      0,
      0,
      0,
      0,
      0,
      0,
      0,
      0,
      0,
      0,
      0,
      0,
      0,
      0,
      0,
      0,
      0,
      0,
      0,
      0,
      0,
      0,
      0,
      0,
      0,
      0,
      0,
      0,
      0,
      0,
      0
    ],
    "ms_forward_calls": [
      0,
      0,
      0,
      0,
      0,
      0,
      0,
      0,
      0,
      0,
      0,
      0,
      0,
      0,
      0,
      0,
      0,
      0,
      0,
      0,
      0,
      0,
      0,
      0,
      0,
      0,
      0,
      0,
      0,
      0,
      0,
      0,
      0,
      0,
      0,
      0,
      0,
      0,
      0,
      0,
      0,
      0,
      0,
      0,
      0,
      0,
      0,
      0,
      0,
      0,
      0,
      0,
      0,
      0,
      0,
      0,
      0,
      0,
      0,
      0,
      0,
      0,
      0,
      0,
      0,
      0,
      0,
      0,
      0,
      0,
      0,
      0,
      0,
      0,
      0,
      0,
      0,
      0,
      0,
      0,
      0,
      0,
      0,
      0,
      0,
      0,
      0,
      0,
      0,
      0,
      0,
      0,
      0,
      0,
      0,
      0,
      0,
      0,
      0,
      0
    ],
    "mm_rejected_by_ms": [
      0,
      0,
      0,
      0,
      0,
      0,
      0,
      0,
      0,
      0,
      0,
      0,
      0,
      0,
      0,
      0,
      0,
      0,
      0,
      0,
      0,
      0,
      0,
      0,
      0,
      0,
      0,
      0,
      0,
      0,
      0,
      0,
      0,
      0,
      0,
      0,
      0,
      0,
      0,
      0,
      0,
      0,
      0,
      0,
      0,
      0,
      0,
      0,
      0,
      0,
      0,
      0,
      0,
      0,
      0,
      0,
      0,
      0,
      0,
      0,
      0,
      0,
      0,
      0,
      0,
      0,
      0,
      0,
      0,
      0,
      0,
      0,
      0,
      0,
      0,
      0,
      0,
      0,
      0,
      0,
      0,
      0,
      0,
      0,
      0,
      0,
      0,
      0,
      0,
      0,
      0,
      0,
      0,
      0,
      0,
      0,
      0,
      0,
      0,
      0
    ],