{
  "config": {
    "mode": "double_layer",
    "dataset": "mmlu",
    "k_s": 5,
    "k_m": 10,
    "n_samples": 100,
    "proxy_type": null,
    "proxy_threshold": null,
    "mavg_window": 5,
    "leniency": 1,
    "max_length": 200
  },
  "summary": {
    "tokens_per_sec": 14.642428394221914,
    "avg_wall_time": 0.6276281332969665,
    "avg_ml_calls": 1.87,
    "avg_mm_calls": 6.94,
    "avg_ms_calls": 34.7,
    "avg_mm_rejected_by_ms": 14.08,
    "accuracy": 0.3
  },
  "raw": {
    "wall_times": [
      0.6638123989105225,
      0.28818821907043457,
      0.28727006912231445,
      0.708655834197998,
      0.28211402893066406,
      0.8549485206604004,
      0.7892839908599854,
      0.7202916145324707,
      0.29219961166381836,
      0.36618733406066895,
      0.6358542442321777,
      0.28606414794921875,
      0.7152950763702393,
      0.38425517082214355,
      0.7031490802764893,
      0.6379573345184326,
      0.4765324592590332,
      0.6387021541595459,
      1.0586473941802979,
      0.7106716632843018,
      0.6293907165527344,
      0.2805647850036621,
      0.634331226348877,
      0.7526853084564209,
      0.6407167911529541,
      0.9140055179595947,
      0.789330244064331,
      1.1486470699310303,
      0.7841432094573975,
      0.5603642463684082,
      0.6330552101135254,
      0.7124941349029541,
      0.7137961387634277,
      0.4376559257507324,
      0.6278719902038574,
      0.27840590476989746,
      0.705695629119873,
      1.2189795970916748,
      0.2798612117767334,
      0.6329612731933594,
      0.7178685665130615,
      0.27837228775024414,
      0.7864174842834473,
      0.6363234519958496,
      0.7080292701721191,
      0.9900026321411133,
      0.9899501800537109,
      0.5117471218109131,
      0.7053830623626709,
      0.5569610595703125,
      0.6369483470916748,
      0.5139772891998291,
      0.27980995178222656,
      0.6313691139221191,
      0.27742958068847656,
      0.9093961715698242,
      0.7130975723266602,
      0.27785801887512207,
      0.6390306949615479,
      0.710730791091919,
      0.793947696685791,
      0.7111258506774902,
      0.7090854644775391,
      0.7131438255310059,
      0.8605189323425293,
      0.6313800811767578,
      0.7053227424621582,
      0.5613555908203125,
      0.8351678848266602,
      0.9841938018798828,
      0.7172894477844238,
      0.2757594585418701,
      0.47630786895751953,
      0.27829813957214355,
      0.6341238021850586,
      0.7111468315124512,
      0.6345186233520508,
      0.6280052661895752,
      0.7112593650817871,
      0.6369993686676025,
      0.48090076446533203,
      0.9114680290222168,
      0.6333010196685791,
      0.7070860862731934,
      0.7056503295898438,
      0.6314373016357422,
      0.633030891418457,
      0.8661324977874756,
      0.7040004730224609,
      0.6376099586486816,
      0.7096123695373535,
      0.43007588386535645,
      0.281923770904541,
      0.35245394706726074,
      0.6373434066772461,
      0.6310198307037354,
      0.35634374618530273,
      0.6330699920654297,
      0.6261265277862549,
      0.6395373344421387
    ],
    "tokens_generated": [
      11,
      10,
      11,
      6,
      11,
      8,
      8,
      6,
      8,
      11,
      6,
      10,
      8,
      11,
      10,
      12,
      5,
      9,
      13,
      6,
      8,
      11,
      8,
      15,
      11,
      6,
      8,
      15,
      6,
      6,
      6,
      8,
      11,
      6,
      11,
      10,
      11,
      9,
      9,
      6,
      12,
      8,
      6,
      11,
      10,
      6,
      6,
      7,
      11,
      12,
      11,
      7,
      10,
      6,
      11,
      7,
      12,
      9,
      12,
      6,
      8,
      12,
      6,
      10,
      13,
      11,
      11,
      14,
      13,
      11,
      13,
      10,
      7,
      8,
      9,
      6,
      11,
      8,
      11,
      11,
      12,
      7,
      6,
      11,
      10,
      6,
      6,
      12,
      11,
      6,
      6,
      9,
      11,
      8,
      12,
      6,
      11,
      10,
      9,
      6
    ],
    "ml_forward_calls": [
      1,
      1,
      1,
      2,
      1,
      2,
      2,
      2,
      1,
      1,
      2,
      1,
      2,
      1,
      2,
      2,
      2,
      2,
      3,
      2,
      2,
      1,
      2,
      3,
      2,
      3,
      2,
      3,
      2,
      2,
      2,
      2,
      2,
      1,
      2,
      1,
      2,
      3,
      1,
      2,
      2,
      1,
      2,
      2,
      2,
      3,
      3,
      1,
      2,
      2,
      2,
      1,
      1,
      2,
      1,
      3,
      2,
      1,
      2,
      2,
      2,
      2,
      2,
      2,
      2,
      2,
      2,
      2,
      3,
      3,
      2,
      1,
      2,
      1,
      2,
      2,
      2,
      2,
      2,
      2,
      2,
      3,
      2,
      2,
      2,
      2,
      2,
      2,
      2,
      2,
      2,
      1,
      1,
      1,
      2,
      2,
      1,
      2,
      2,
      2
    ],
    "mm_forward_calls": [
      3,
      3,
      3,
      8,
      3,
      10,
      9,
      8,
      3,
      4,
      7,
      3,
      8,
      4,
      8,
      7,
      5,
      7,
      12,
      8,
      7,
      3,
      7,
      8,
      7,
      10,
      9,
      13,
      9,
      6,
      7,
      8,
      8,
      5,
      7,
      3,
      8,
      14,
      3,
      7,
      8,
      3,
      9,
      7,
      8,
      11,
      11,
      6,
      8,
      6,
      7,
      6,
      3,
      7,
      3,
      10,
      8,
      3,
      7,
      8,
      9,
      8,
      8,
      8,
      10,
      7,
      8,
      6,
      9,
      11,
      8,
      3,
      5,
      3,
      7,
      8,
      7,
      7,
      8,
      7,
      5,
      10,
      7,
      8,
      8,
      7,
      7,
      10,
      8,
      7,
      8,
      5,
      3,
      4,
      7,
      7,
      4,
      7,
      7,
      7
    ],
    "ms_forward_calls": [
      15,
      15,
      15,
      40,
      15,
      50,
      45,
      40,
      15,
      20,
      35,
      15,
      40,
      20,
      40,
      35,
      25,
      35,
      60,
      40,
      35,
      15,
      35,
      40,
      35,
      50,
      45,
      65,
      45,
      30,
      35,
      40,
      40,
      25,
      35,
      15,
      40,
      70,
      15,
      35,
      40,
      15,
      45,
      35,
      40,
      55,
      55,
      30,
      40,
      30,
      35,
      30,
      15,
      35,
      15,
      50,
      40,
      15,
      35,
      40,
      45,
      40,
      40,
      40,
      50,
      35,
      40,
      30,
      45,
      55,
      40,
      15,
      25,
      15,
      35,
      40,
      35,
      35,
      40,
      35,
      25,
      50,
      35,
      40,
      40,
      35,
      35,
      50,
      40,
      35,
      40,
      25,
      15,
      20,
      35,
      35,
      20,
      35,
      35,
      35
    ],