{
  "config": {
    "mode": "autoregressive",
    "dataset": "mmlu",
    "k_s": 5,
    "k_m": 10,
    "n_samples": 100,
    "proxy_type": null,
    "proxy_threshold": null,
    "mavg_window": 5,
    "leniency": 1,
    "max_length": 200
  },
  "summary": {
    "tokens_per_sec": 12.92034737196689,
    "avg_wall_time": 14.703165056705474,
    "avg_ml_calls": 189.97,
    "avg_mm_calls": 0.0,
    "avg_ms_calls": 0.0,
    "avg_mm_rejected_by_ms": 0.0,
    "accuracy": 0.07
  },
  "raw": {
    "wall_times": [
      14.484322547912598,
      14.88929557800293,
      15.169997453689575,
      16.083951473236084,
      16.976134300231934,
      17.049484252929688,
      16.206724166870117,
      15.213342189788818,
      14.280869722366333,
      14.979137420654297,
      16.818461894989014,
      15.292864799499512,
      14.494476556777954,
      18.704745531082153,
      14.313013076782227,
      8.41326904296875,
      14.305756330490112,
      15.235921144485474,
      14.618428707122803,
      17.142390966415405,
      13.376974821090698,
      17.196361780166626,
      16.87138342857361,
      14.368237972259521,
      15.473971366882324,
      15.225568771362305,
      15.726844072341919,
      16.617111921310425,
      16.303223371505737,
      15.353051662445068,
      16.427051067352295,
      15.656683444976807,
      16.74559998512268,
      16.871644258499146,
      17.64417576789856,
      14.233407974243164,
      14.29402756690979,
      15.841917514801025,
      13.710623979568481,
      14.552354097366333,
      15.436246871948242,
      13.887099504470825,
      17.075555562973022,
      9.243980646133423,
      17.262944221496582,
      15.58987808227539,
      15.586264848709106,
      14.723145484924316,
      17.62736439704895,
      14.598185539245605,
      3.9909744262695312,
      14.791516780853271,
      14.664912223815918,
      16.03284192085266,
      13.94976544380188,
      10.593966245651245,
      15.217411041259766,
      13.741341590881348,
      15.519342184066772,
      11.57907509803772,
      15.21613359451294,
      16.738759517669678,
      16.22211527824402,
      15.463974237442017,
      13.824427127838135,
      14.726903915405273,
      16.53674578666687,
      15.541166543960571,
      17.044228553771973,
      16.130477905273438,
      15.087671041488647,
      14.16085410118103,
      14.481292724609375,
      9.74769401550293,
      16.605650186538696,
      4.430761098861694,
      6.922793865203857,
      13.732176542282104,
      16.73331356048584,
      16.867943286895752,
      15.772207736968994,
      15.703536987304688,
      15.903050184249878,
      17.24261999130249,
      17.247205018997192,
      16.15316891670227,
      17.110724210739136,
      15.457149744033813,
      14.154260873794556,
      15.45935344696045,
      16.343491077423096,
      4.006614446640015,
      16.83634090423584,
      14.209176778793335,
      4.2460949420928955,
      17.348289966583252,
      8.633177280426025,
      14.62896990776062,
      14.068037986755371,
      15.303338289260864
    ],
    "tokens_generated": [
      200,
      200,
      200,
      200,
      200,
      200,
      200,
      200,
      200,
      200,
      200,
      200,
      200,
      200,
      200,
      129,
      200,
      200,
      200,
      200,
      163,
      200,
      200,
      200,
      200,
      200,
      200,
      200,
      200,
      200,
      200,
      200,
      200,
      200,
      200,
      200,
      200,
      200,
      200,
      200,
      200,
      200,
      200,
      140,
      200,
      200,
      200,
      200,
      200,
      200,
      70,
      200,
      200,
      190,
      200,
      151,
      200,
      200,
      200,
      155,
      200,
      200,
      200,
      200,
      200,
      200,
      191,
      200,
      200,
      200,
      200,
      200,
      200,
      153,
      200,
      74,
      99,
      200,
      200,
      200,
      200,
      200,
      200,
      200,
      200,
      200,
      200,
      200,
      200,
      200,
      200,
      75,
      200,
      200,
      73,
      200,
      134,
      200,
      200,
      200
    ],
    "ml_forward_calls": [
      200,
      200,
      200,
      200,
      200,
      200,
      200,
      200,
      200,
      200,
      200,
      200,
      200,
      200,
      200,
      129,
      200,
      200,
      200,
      200,
      163,
      200,
      200,
      200,
      200,
      200,
      200,
      200,
      200,
      200,
      200,
      200,
      200,
      200,
      200,
      200,
      200,
      200,
      200,
      200,
      200,
      200,
      200,
      140,
      200,
      200,
      200,
      200,
      200,
      200,
      70,
      200,
      200,
      190,
      200,
      151,
      200,
      200,
      200,
      155,
      200,
      200,
      200,
      200,
      200,
      200,
      191,
      200,
      200,
      200,
      200,
      200,
      200,
      153,
      200,
      74,
      99,
      200,
      200,
      200,
      200,
      200,
      200,
      200,
      200,
      200,
      200,
      200,
      200,
      200,
      200,
      75,
      200,
      200,
      73,
      200,
      134,
      200,
      200,
      200
    ],
    "mm_forward_calls": [
      0,
      0,
      0,
      0,
      0,
      0,
      0,
      0,
      0,
      0,
      0,
      0,
      0,
      0,
      0,
      0,
      0,
      0,
      0,
      0,
      0,
      0,
      0,
      0,
      0,
      0,
      0,
      0,
      0,
      0,
      0,
      0,
      0,
      0,
      0,
      0,
      0,
      0,
      0,
      0,
      0,
      0,
      0,
      0,
      0,
      0,
      0,
      0,
      0,
      0,
      0,
      0,
      0,
      0,
      0,
      0,
      0,
      0,
      0,
      0,
      0,
      0,
      0,
      0,
      0,
      0,
      0,
      0,
      0,
      0,
      0,
      0,
      0,
      0,
      0,
      0,
      0,
      0,
      0,
      0,
      0,
      0,
      0,
      0,
      0,
      0,
      0,
      0,
      0,
      0,
      0,
      0,
      0,
      0,
      0,
      0,
      0,
      0,
      0,
      0
    ],
    "ms_forward_calls": [
      0,
      0,
      0,
      0,
      0,
      0,
      0,
      0,
      0,
      0,
      0,
      0,
      0,
      0,
      0,
      0,
      0,
      0,
      0,
      0,
      0,
      0,
      0,
      0,
      0,
      0,
      0,
      0,
      0,
      0,
      0,
      0,
      0,
      0,
      0,
      0,
      0,
      0,
      0,
      0,
      0,
      0,
      0,
      0,
      0,
      0,
      0,
      0,
      0,
      0,
      0,
      0,
      0,
      0,
      0,
      0,
      0,
      0,
      0,
      0,
      0,
      0,
      0,
      0,
      0,
      0,
      0,
      0,
      0,
      0,
      0,
      0,
      0,
      0,
      0,
      0,
      0,
      0,
      0,
      0,
      0,
      0,
      0,
      0,
      0,
      0,
      0,
      0,
      0,
      0,
      0,
      0,
      0,
      0,
      0,
      0,
      0,
      0,
      0,
      0
    ],