{
  "config": {
    "mode": "autoregressive",
    "dataset": "gsm8k",
    "k_s": 5,
    "k_m": 10,
    "n_samples": 100,
    "proxy_type": null,
    "proxy_threshold": null,
    "mavg_window": 5,
    "leniency": 1,
    "max_length": 200
  },
  "summary": {
    "tokens_per_sec": 13.156665570488189,
    "avg_wall_time": 13.455536971092224,
    "avg_ml_calls": 177.03,
    "avg_mm_calls": 0.0,
    "avg_ms_calls": 0.0,
    "avg_mm_rejected_by_ms": 0.0,
    "accuracy": 0.06
  },
  "raw": {
    "wall_times": [
      15.81666612625122,
      8.100830554962158,
      14.954270362854004,
      3.8412954807281494,
      6.979801416397095,
      14.912388801574707,
      14.305618524551392,
      15.847421169281006,
      18.35275673866272,
      15.348384380340576,
      15.27803111076355,
      15.738400220870972,
      15.811282396316528,
      15.621054649353027,
      15.137244462966919,
      18.048412561416626,
      14.888266563415527,
      15.134741067886353,
      13.538803100585938,
      14.616222143173218,
      15.865694284439087,
      14.782377481460571,
      15.430561780929565,
      14.286869764328003,
      14.165350914001465,
      15.93944501876831,
      16.19427180290222,
      15.626742839813232,
      4.826344728469849,
      16.193070888519287,
      8.666909456253052,
      15.430028915405273,
      13.966132640838623,
      13.742791652679443,
      14.886414766311646,
      14.710808515548706,
      9.131102085113525,
      5.728572130203247,
      14.162518978118896,
      16.191972494125366,
      14.650221824645996,
      19.86617136001587,
      16.918254137039185,
      15.676105260848999,
      9.517197132110596,
      17.8859441280365,
      17.659728050231934,
      14.952750444412231,
      3.2015740871429443,
      1.6995537281036377,
      5.1725311279296875,
      14.714525938034058,
      15.816364288330078,
      19.088029146194458,
      17.205546855926514,
      14.65454626083374,
      14.464403629302979,
      16.6321017742157,
      6.982522964477539,
      4.278517484664917,
      8.538097381591797,
      6.689664125442505,
      15.92968463897705,
      15.751037359237671,
      17.575547456741333,
      14.46146559715271,
      15.064186334609985,
      15.312520503997803,
      13.858949184417725,
      14.826840162277222,
      14.825073957443237,
      14.393341302871704,
      15.001105308532715,
      4.260199546813965,
      19.323451042175293,
      15.92218565940857,
      5.24326753616333,
      14.709203958511353,
      14.093026399612427,
      14.57468032836914,
      13.80386209487915,
      15.61922574043274,
      13.730541944503784,
      5.46466064453125,
      3.6210029125213623,
      17.445009231567383,
      16.940186262130737,
      16.630383253097534,
      14.032729148864746,
      5.688011169433594,
      17.72381854057312,
      14.153732776641846,
      14.882089138031006,
      9.403640747070312,
      14.878336429595947,
      14.21642255783081,
      3.5565876960754395,
      15.613534927368164,
      17.56744623184204,
      16.992485284805298
    ],
    "tokens_generated": [
      200,
      137,
      200,
      76,
      88,
      200,
      200,
      200,
      200,
      200,
      200,
      200,
      200,
      200,
      200,
      200,
      200,
      200,
      200,
      191,
      200,
      200,
      200,
      200,
      200,
      200,
      200,
      200,
      84,
      200,
      139,
      200,
      200,
      200,
      200,
      200,
      142,
      92,
      200,
      200,
      200,
      200,
      200,
      200,
      129,
      200,
      200,
      200,
      64,
      34,
      93,
      200,
      200,
      200,
      200,
      200,
      200,
      200,
      99,
      82,
      137,
      105,
      200,
      200,
      200,
      200,
      200,
      200,
      200,
      200,
      200,
      200,
      200,
      77,
      200,
      200,
      76,
      200,
      200,
      200,
      200,
      200,
      200,
      98,
      72,
      200,
      200,
      200,
      200,
      94,
      200,
      200,
      200,
      123,
      200,
      200,
      71,
      200,
      200,
      200
    ],
    "ml_forward_calls": [
      200,
      137,
      200,
      76,
      88,
      200,
      200,
      200,
      200,
      200,
      200,
      200,
      200,
      200,
      200,
      200,
      200,
      200,
      200,
      191,
      200,
      200,
      200,
      200,
      200,
      200,
      200,
      200,
      84,
      200,
      139,
      200,
      200,
      200,
      200,
      200,
      142,
      92,
      200,
      200,
      200,
      200,
      200,
      200,
      129,
      200,
      200,
      200,
      64,
      34,
      93,
      200,
      200,
      200,
      200,
      200,
      200,
      200,
      99,
      82,
      137,
      105,
      200,
      200,
      200,
      200,
      200,
      200,
      200,
      200,
      200,
      200,
      200,
      77,
      200,
      200,
      76,
      200,
      200,
      200,
      200,
      200,
      200,
      98,
      72,
      200,
      200,
      200,
      200,
      94,
      200,
      200,
      200,
      123,
      200,
      200,
      71,
      200,
      200,
      200
    ],
    "mm_forward_calls": [
      0,
      0,
      0,
      0,
      0,
      0,
      0,
      0,
      0,
      0,
      0,
      0,
      0,
      0,
      0,
      0,
      0,
      0,
      0,
      0,
      0,
      0,
      0,
      0,
      0,
      0,
      0,
      0,
      0,
      0,
      0,
      0,
      0,
      0,
      0,
      0,
      0,
      0,
      0,
      0,
      0,
      0,
      0,
      0,
      0,
      0,
      0,
      0,
      0,
      0,
      0,
      0,
      0,
      0,
      0,
      0,
      0,
      0,
      0,
      0,
      0,
      0,
      0,
      0,
      0,
      0,
      0,
      0,
      0,
      0,
      0,
      0,
      0,
      0,
      0,
      0,
      0,
      0,
      0,
      0,
      0,
      0,
      0,
      0,
      0,
      0,
      0,
      0,
      0,
      0,
      0,
      0,
      0,
      0,
      0,
      0,
      0,
      0,
      0,
      0
    ],
    "ms_forward_calls": [
      0,
      0,
      0,
      0,
      0,
      0,
      0,
      0,
      0,
      0,
      0,
      0,
      0,
      0,
      0,
      0,
      0,
      0,
      0,
      0,
      0,
      0,
      0,
      0,
      0,
      0,
      0,
      0,
      0,
      0,
      0,
      0,
      0,
      0,
      0,
      0,
      0,
      0,
      0,
      0,
      0,
      0,
      0,
      0,
      0,
      0,
      0,
      0,
      0,
      0,
      0,
      0,
      0,
      0,
      0,
      0,
      0,
      0,
      0,
      0,
      0,
      0,
      0,
      0,
      0,
      0,
      0,
      0,
      0,
      0,
      0,
      0,
      0,
      0,
      0,
      0,
      0,
      0,
      0,
      0,
      0,
      0,
      0,
      0,
      0,
      0,
      0,
      0,
      0,
      0,
      0,
      0,
      0,
      0,
      0,
      0,
      0,
      0,
      0,
      0
    ],