{
  "config": {
    "mode": "double_layer",
    "dataset": "gsm8k",
    "k_s": 5,
    "k_m": 10,
    "n_samples": 100,
    "proxy_type": null,
    "proxy_threshold": null,
    "mavg_window": 5,
    "leniency": 1,
    "max_length": 200
  },
  "summary": {
    "tokens_per_sec": 27.67439957807269,
    "avg_wall_time": 6.540701975822449,
    "avg_ml_calls": 23.41,
    "avg_mm_calls": 69.16,
    "avg_ms_calls": 345.8,
    "avg_mm_rejected_by_ms": 100.97
  },
  "raw": {
    "wall_times": [
      5.62759256362915,
      6.792040586471558,
      9.30443525314331,
      3.2490923404693604,
      3.736586809158325,
      7.83815860748291,
      5.635239124298096,
      7.411285400390625,
      7.7156291007995605,
      6.535768985748291,
      5.989550828933716,
      4.384230613708496,
      5.977131366729736,
      12.48313045501709,
      5.04955267906189,
      4.806516170501709,
      5.993544101715088,
      10.093217134475708,
      7.717835903167725,
      6.278529644012451,
      5.9529829025268555,
      6.532766342163086,
      8.483282327651978,
      4.863440036773682,
      4.988739490509033,
      5.735061168670654,
      5.947418212890625,
      10.71589732170105,
      2.4583537578582764,
      4.494039535522461,
      5.949989080429077,
      8.554382085800171,
      4.502593040466309,
      4.314121246337891,
      7.120291471481323,
      6.203235626220703,
      3.6176483631134033,
      1.9458184242248535,
      5.782567501068115,
      11.777302742004395,
      4.479959964752197,
      5.241504669189453,
      10.389894485473633,
      5.1671106815338135,
      5.7218568325042725,
      8.694567441940308,
      4.9427032470703125,
      7.653237342834473,
      3.4852535724639893,
      1.6783745288848877,
      3.0489776134490967,
      8.554038286209106,
      5.4591100215911865,
      7.85500955581665,
      4.89602518081665,
      6.107716083526611,
      14.54832649230957,
      6.943934679031372,
      3.9235901832580566,
      2.019357442855835,
      8.69204831123352,
      5.850341796875,
      8.012418031692505,
      13.649045705795288,
      8.733753442764282,
      8.62276291847229,
      7.624008417129517,
      5.641415119171143,
      8.113760948181152,
      4.725317001342773,
      6.363965749740601,
      5.644365549087524,
      5.4961466789245605,
      2.765772581100464,
      7.860499143600464,
      9.991114139556885,
      2.617046594619751,
      10.103344917297363,
      8.908401250839233,
      4.701704978942871,
      5.83552098274231,
      6.063807964324951,
      6.459888696670532,
      3.1959238052368164,
      5.291427850723267,
      11.216610431671143,
      5.359336614608765,
      6.95324969291687,
      10.077511548995972,
      4.209214925765991,
      4.987075567245483,
      10.603617429733276,
      4.779563903808594,
      7.274663209915161,
      12.63856053352356,
      7.276659965515137,
      5.9186131954193115,
      6.486280202865601,
      6.1783342361450195,
      5.777556896209717
    ],
    "tokens_generated": [
      201,
      139,
      205,
      78,
      88,
      204,
      208,
      210,
      204,
      209,
      207,
      202,
      200,
      209,
      208,
      205,
      202,
      209,
      203,
      193,
      209,
      204,
      210,
      200,
      202,
      203,
      201,
      204,
      86,
      207,
      139,
      209,
      202,
      209,
      204,
      207,
      143,
      94,
      209,
      203,
      204,
      208,
      202,
      206,
      129,
      209,
      204,
      209,
      65,
      36,
      94,
      201,
      207,
      204,
      201,
      210,
      209,
      208,
      100,
      83,
      139,
      107,
      200,
      203,
      204,
      207,
      200,
      208,
      206,
      207,
      201,
      209,
      209,
      78,
      210,
      208,
      76,
      207,
      200,
      206,
      209,
      200,
      209,
      100,
      72,
      201,
      160,
      201,
      210,
      94,
      207,
      210,
      202,
      123,
      203,
      201,
      73,
      210,
      205,
      208
    ],
    "ml_forward_calls": [
      22,
      20,
      32,
      11,
      14,
      26,
      24,
      26,
      26,
      26,
      23,
      20,
      22,
      36,
      21,
      20,
      23,
      32,
      27,
      24,
      23,
      27,
      30,
      20,
      21,
      22,
      23,
      33,
      10,
      20,
      22,
      27,
      19,
      20,
      25,
      23,
      15,
      9,
      23,
      35,
      21,
      21,
      33,
      20,
      21,
      31,
      20,
      27,
      12,
      6,
      11,
      29,
      22,
      30,
      21,
      25,
      42,
      26,
      13,
      9,
      27,
      18,
      26,
      40,
      29,
      31,
      28,
      22,
      28,
      21,
      23,
      23,
      24,
      10,
      26,
      31,
      10,
      33,
      30,
      20,
      22,
      23,
      24,
      12,
      13,
      34,
      22,
      26,
      31,
      15,
      20,
      35,
      21,
      23,
      39,
      29,
      16,
      25,
      25,
      24
    ],
    "mm_forward_calls": [
      53,
      75,
      99,
      35,
      38,
      84,
      57,
      79,
      81,
      68,
      63,
      44,
      63,
      136,
      52,
      48,
      63,
      110,
      84,
      66,
      62,
      68,
      90,
      51,
      52,
      60,
      62,
      112,
      26,
      45,
      64,
      93,
      47,
      44,
      76,
      66,
      38,
      20,
      61,
      129,
      45,
      50,
      113,
      54,
      61,
      91,
      50,
      82,
      38,
      18,
      33,
      92,
      56,
      76,
      49,
      63,
      162,
      72,
      43,
      21,
      96,
      65,
      87,
      149,
      93,
      91,
      81,
      59,
      87,
      48,
      68,
      59,
      56,
      30,
      81,
      108,
      28,
      109,
      97,
      48,
      61,
      63,
      68,
      34,
      60,
      121,
      55,
      72,
      110,
      45,
      50,
      114,
      48,
      79,
      135,
      75,
      66,
      67,
      62,
      58
    ],
    "ms_forward_calls": [
      265,
      375,
      495,
      175,
      190,
      420,
      285,
      395,
      405,
      340,
      315,
      220,
      315,
      680,
      260,
      240,
      315,
      550,
      420,
      330,
      310,
      340,
      450,
      255,
      260,
      300,
      310,
      560,
      130,
      225,
      320,
      465,
      235,
      220,
      380,
      330,
      190,
      100,
      305,
      645,
      225,
      250,
      565,
      270,
      305,
      455,
      250,
      410,
      190,
      90,
      165,
      460,
      280,
      380,
      245,
      315,
      810,
      360,
      215,
      105,
      480,
      325,
      435,
      745,
      465,
      455,
      405,
      295,
      435,
      240,
      340,
      295,
      280,
      150,
      405,
      540,
      140,
      545,
      485,
      240,
      305,
      315,
      340,
      170,
      300,
      605,
      275,
      360,
      550,
      225,
      250,
      570,
      240,
      395,
      675,
      375,
      330,
      335,
      310,
      290
    ],