{
  "config": {
    "ms_name": "/mnt/data/xuandong/hf_models/models--TinyLlama--TinyLlama-1.1B-Chat-v1.0/snapshots/77e23968eed12d195bd46c519aa679cc22a27ddc",
    "mm_name": "/mnt/data/xuandong/hf_models/models--NousResearch--Llama-2-7b-hf/snapshots/dacdfcde31297e34b19ee0e7532f29586d2c17bc",
    "ml_name": "/mnt/data/xuandong/hf_models/models--NousResearch--Llama-2-13b-hf/snapshots/b0491461253755d8c60bf22f0d696b9e337c6375",
    "mode": "double_layer",
    "dataset": "mmlu",
    "n_samples": 100,
    "k_s": 5,
    "k_m": 10,
    "leniency": 1,
    "tau": 0.4,
    "window_size": 20,
    "proxy_threshold": null,
    "mavg_window": 5,
    "max_length": 200,
    "device": "cuda:0",
    "dtype": "torch.float16",
    "proxy_threshold_used": null
  },
  "summary": {
    "tokens_per_sec": 29.451203060889473,
    "avg_wall_time": 6.615009906291962,
    "avg_ml_calls": 24.83,
    "avg_mm_calls": 69.01,
    "avg_ms_calls": 345.05
  },
  "raw": {
    "wall_times": [
      6.697746753692627,
      5.939624071121216,
      6.767737150192261,
      8.608074188232422,
      7.256179094314575,
      4.615208387374878,
      5.208396911621094,
      5.232025146484375,
      6.211987733840942,
      10.032771825790405,
      5.647851943969727,
      5.587591171264648,
      5.266125679016113,
      8.60983920097351,
      5.937183618545532,
      5.540274143218994,
      8.481233835220337,
      4.321045637130737,
      5.933167457580566,
      4.9530439376831055,
      6.803144216537476,
      8.357612133026123,
      5.326289176940918,
      4.447239637374878,
      10.761993169784546,
      5.840942859649658,
      7.112082242965698,
      7.1225807666778564,
      6.754528045654297,
      5.181077718734741,
      8.253849506378174,
      6.396445274353027,
      5.894067287445068,
      7.017648458480835,
      8.580219268798828,
      5.209793567657471,
      8.694512128829956,
      11.047360897064209,
      5.849116086959839,
      5.074975490570068,
      5.581064701080322,
      6.226396560668945,
      6.046936988830566,
      8.663223505020142,
      7.307440996170044,
      8.7992844581604,
      5.422358751296997,
      5.492183446884155,
      7.4174394607543945,
      6.385972738265991,
      3.174501657485962,
      4.882254123687744,
      5.96895170211792,
      8.078880310058594,
      7.355026006698608,
      5.539242744445801,
      5.636112451553345,
      7.011120319366455,
      5.038876295089722,
      4.792538642883301,
      11.717191696166992,
      5.753921985626221,
      9.414681434631348,
      4.857588529586792,
      9.978924751281738,
      4.706679821014404,
      9.61630892753601,
      5.262158632278442,
      10.131439685821533,
      5.993345737457275,
      5.121732473373413,
      7.084361791610718,
      5.947387218475342,
      7.820282936096191,
      5.201732397079468,
      3.9199464321136475,
      11.12368130683899,
      8.26384449005127,
      9.16036605834961,
      8.51885437965393,
      5.359351634979248,
      6.951829433441162,
      4.964917182922363,
      5.144562482833862,
      6.591144800186157,
      5.353673696517944,
      10.369882583618164,
      7.403689861297607,
      7.453122138977051,
      4.9548499584198,
      7.052819728851318,
      2.346616506576538,
      4.668559551239014,
      6.246117830276489,
      3.7664573192596436,
      5.806981325149536,
      4.852210998535156,
      8.855910539627075,
      5.81985878944397,
      6.55161190032959
    ],
    "tokens_generated": [
      202,
      202,
      207,
      202,
      202,
      203,
      208,
      206,
      208,
      203,
      205,
      210,
      201,
      203,
      200,
      132,
      210,
      202,
      204,
      204,
      166,
      203,
      206,
      201,
      209,
      204,
      202,
      206,
      208,
      206,
      201,
      202,
      201,
      200,
      200,
      202,
      207,
      203,
      200,
      200,
      200,
      210,
      208,
      140,
      206,
      205,
      206,
      200,
      202,
      207,
      70,
      209,
      202,
      191,
      209,
      154,
      202,
      207,
      200,
      156,
      200,
      206,
      203,
      205,
      200,
      202,
      191,
      207,
      206,
      203,
      203,
      208,
      207,
      156,
      209,
      74,
      204,
      203,
      205,
      210,
      201,
      205,
      206,
      207,
      201,
      204,
      200,
      204,
      204,
      207,
      205,
      75,
      203,
      200,
      73,
      205,
      135,
      204,
      210,
      206
    ],
    "ml_forward_calls": [
      25,
      22,
      26,
      29,
      27,
      20,
      22,
      22,
      25,
      36,
      22,
      24,
      21,
      32,
      23,
      19,
      30,
      19,
      24,
      21,
      25,
      31,
      22,
      19,
      35,
      23,
      27,
      27,
      26,
      22,
      29,
      26,
      23,
      26,
      30,
      22,
      29,
      33,
      23,
      22,
      22,
      24,
      24,
      25,
      28,
      31,
      22,
      23,
      27,
      25,
      10,
      21,
      23,
      27,
      28,
      22,
      23,
      26,
      21,
      19,
      36,
      23,
      33,
      20,
      33,
      21,
      30,
      22,
      34,
      24,
      23,
      28,
      24,
      28,
      22,
      12,
      38,
      31,
      31,
      29,
      22,
      25,
      21,
      22,
      25,
      21,
      33,
      27,
      27,
      22,
      27,
      9,
      20,
      23,
      13,
      22,
      19,
      32,
      24,
      27
    ],
    "mm_forward_calls": [
      65,
      63,
      71,
      92,
      76,
      46,
      53,
      54,
      65,
      106,
      58,
      57,
      55,
      87,
      63,
      60,
      91,
      44,
      62,
      50,
      71,
      87,
      54,
      46,
      116,
      61,
      74,
      74,
      70,
      53,
      87,
      66,
      61,
      73,
      87,
      54,
      94,
      117,
      62,
      52,
      58,
      66,
      62,
      96,
      74,
      92,
      56,
      57,
      77,
      67,
      35,
      50,
      63,
      85,
      78,
      58,
      58,
      75,
      52,
      50,
      125,
      59,
      98,
      50,
      108,
      48,
      100,
      54,
      106,
      62,
      52,
      74,
      62,
      84,
      52,
      43,
      116,
      87,
      95,
      89,
      55,
      73,
      50,
      51,
      67,
      55,
      110,
      77,
      79,
      50,
      73,
      25,
      47,
      67,
      41,
      59,
      51,
      94,
      60,
      67
    ],
    "ms_forward_calls": [
      325,
      315,
      355,
      460,
      380,
      230,
      265,
      270,
      325,
      530,
      290,
      285,
      275,
      435,
      315,
      300,
      455,
      220,
      310,
      250,
      355,
      435,
      270,
      230,
      580,
      305,
      370,
      370,
      350,
      265,
      435,
      330,
      305,
      365,
      435,
      270,
      470,
      585,
      310,
      260,
      290,
      330,
      310,
      480,
      370,
      460,
      280,
      285,
      385,
      335,
      175,
      250,
      315,
      425,
      390,
      290,
      290,
      375,
      260,
      250,
      625,
      295,
      490,
      250,
      540,
      240,
      500,
      270,
      530,
      310,
      260,
      370,
      310,
      420,
      260,
      215,
      580,
      435,
      475,
      445,
      275,
      365,
      250,
      255,
      335,
      275,
      550,
      385,
      395,
      250,
      365,
      125,
      235,
      335,
      205,
      295,
      255,
      470,
      300,
      335
    ],