{
  "config": {
    "mode": "proxy_entropy",
    "dataset": "gsm8k",
    "k_s": 5,
    "k_m": 10,
    "n_samples": 100,
    "proxy_type": "entropy",
    "proxy_threshold": 2.0,
    "mavg_window": 5,
    "leniency": 1,
    "max_length": 200
  },
  "summary": {
    "tokens_per_sec": 31.36934128282551,
    "avg_wall_time": 5.770283741950989,
    "avg_ml_calls": 23.42,
    "avg_mm_calls": 75.11,
    "avg_ms_calls": 262.63,
    "avg_mm_rejected_by_ms": 31.08
  },
  "raw": {
    "wall_times": [
      5.26097846031189,
      5.612005233764648,
      8.203909873962402,
      2.775468587875366,
      3.523933172225952,
      6.489635229110718,
      5.230821132659912,
      6.215713024139404,
      6.886893272399902,
      5.839033603668213,
      5.21137809753418,
      4.209944009780884,
      4.981834411621094,
      11.044895648956299,
      4.887820482254028,
      4.532205104827881,
      5.403079986572266,
      8.244468212127686,
      6.767205715179443,
      5.525447845458984,
      5.560312747955322,
      5.938044309616089,
      7.591528654098511,
      4.541249990463257,
      4.623417139053345,
      5.117551803588867,
      5.320886850357056,
      8.997525691986084,
      2.198662042617798,
      4.275194883346558,
      5.355551719665527,
      7.51506233215332,
      4.277681589126587,
      4.070930004119873,
      6.068484783172607,
      5.969860076904297,
      3.3346714973449707,
      1.8450796604156494,
      5.182236433029175,
      9.998424053192139,
      4.394510984420776,
      4.813496112823486,
      8.610468864440918,
      4.517374038696289,
      4.884131669998169,
      7.856055021286011,
      4.5539727210998535,
      6.703002452850342,
      2.879368305206299,
      1.4245119094848633,
      2.547098159790039,
      7.400292873382568,
      4.869232416152954,
      7.564668416976929,
      4.755019187927246,
      5.700878381729126,
      11.402109861373901,
      6.303853273391724,
      3.439310312271118,
      1.9181008338928223,
      7.32674503326416,
      4.8205342292785645,
      6.671278476715088,
      11.33386516571045,
      8.030825138092041,
      7.7061767578125,
      6.711638450622559,
      5.222856283187866,
      7.00136399269104,
      4.533981800079346,
      5.590112686157227,
      5.306568622589111,
      5.067689657211304,
      2.4729056358337402,
      6.630040884017944,
      8.503977298736572,
      2.2591724395751953,
      9.00039029121399,
      7.4077911376953125,
      4.262102842330933,
      5.529531002044678,
      5.362067699432373,
      5.986204385757446,
      2.667921304702759,
      4.079834699630737,
      9.025848627090454,
      4.926400423049927,
      6.399990797042847,
      7.952333688735962,
      3.6025025844573975,
      4.511793851852417,
      9.625348567962646,
      4.662992477416992,
      6.024569034576416,
      11.428545713424683,
      6.629449129104614,
      4.833423376083374,
      5.884081840515137,
      5.471786975860596,
      5.397248029708862
    ],
    "tokens_generated": [
      201,
      139,
      205,
      78,
      88,
      204,
      208,
      210,
      204,
      209,
      207,
      202,
      200,
      209,
      208,
      205,
      202,
      209,
      203,
      193,
      209,
      204,
      210,
      200,
      202,
      203,
      201,
      204,
      86,
      207,
      139,
      209,
      202,
      209,
      204,
      207,
      143,
      94,
      209,
      203,
      204,
      208,
      202,
      206,
      129,
      209,
      204,
      209,
      65,
      36,
      94,
      201,
      207,
      204,
      201,
      210,
      209,
      208,
      100,
      83,
      139,
      107,
      200,
      203,
      204,
      207,
      200,
      208,
      206,
      207,
      201,
      209,
      209,
      78,
      210,
      208,
      76,
      207,
      200,
      206,
      209,
      200,
      209,
      100,
      72,
      201,
      160,
      201,
      210,
      94,
      207,
      210,
      202,
      123,
      203,
      201,
      73,
      210,
      205,
      208
    ],
    "ml_forward_calls": [
      22,
      20,
      32,
      11,
      14,
      26,
      24,
      26,
      26,
      26,
      23,
      20,
      22,
      36,
      21,
      20,
      23,
      32,
      27,
      24,
      23,
      27,
      30,
      20,
      21,
      22,
      23,
      33,
      10,
      20,
      22,
      27,
      19,
      20,
      25,
      24,
      15,
      9,
      23,
      35,
      21,
      21,
      33,
      20,
      21,
      31,
      20,
      27,
      12,
      6,
      11,
      29,
      22,
      30,
      21,
      25,
      42,
      26,
      13,
      9,
      27,
      18,
      26,
      40,
      29,
      31,
      28,
      22,
      28,
      21,
      23,
      23,
      24,
      10,
      26,
      31,
      10,
      33,
      30,
      20,
      22,
      23,
      24,
      12,
      13,
      34,
      22,
      26,
      31,
      15,
      20,
      35,
      21,
      23,
      39,
      29,
      16,
      25,
      25,
      24
    ],
    "mm_forward_calls": [
      59,
      85,
      106,
      40,
      44,
      92,
      63,
      91,
      88,
      73,
      67,
      45,
      64,
      141,
      55,
      52,
      66,
      118,
      98,
      75,
      64,
      72,
      94,
      56,
      54,
      64,
      68,
      124,
      28,
      48,
      71,
      97,
      50,
      44,
      89,
      74,
      40,
      21,
      66,
      138,
      50,
      51,
      132,
      55,
      67,
      96,
      53,
      86,
      43,
      22,
      36,
      104,
      57,
      82,
      57,
      70,
      173,
      82,
      44,
      25,
      104,
      74,
      98,
      153,
      108,
      97,
      85,
      67,
      88,
      54,
      73,
      65,
      60,
      35,
      87,
      120,
      31,
      116,
      109,
      50,
      64,
      68,
      75,
      36,
      61,
      134,
      62,
      79,
      120,
      53,
      52,
      127,
      55,
      87,
      138,
      90,
      69,
      73,
      62,
      63
    ],
    "ms_forward_calls": [
      213,
      249,
      381,
      122,
      163,
      283,
      244,
      252,
      308,
      264,
      233,
      203,
      220,
      527,
      233,
      200,
      245,
      357,
      300,
      238,
      270,
      277,
      358,
      215,
      224,
      232,
      237,
      383,
      103,
      198,
      252,
      361,
      210,
      200,
      253,
      289,
      162,
      90,
      239,
      459,
      208,
      208,
      347,
      206,
      213,
      365,
      206,
      314,
      123,
      58,
      113,
      328,
      226,
      338,
      214,
      266,
      490,
      279,
      170,
      88,
      338,
      209,
      282,
      526,
      364,
      363,
      312,
      238,
      335,
      210,
      258,
      252,
      232,
      112,
      274,
      373,
      99,
      428,
      316,
      200,
      281,
      245,
      290,
      121,
      191,
      374,
      224,
      300,
      338,
      155,
      202,
      464,
      218,
      266,
      574,
      290,
      232,
      273,
      249,
      248
    ],