{
  "config": {
    "mode": "proxy_top1",
    "dataset": "gsm8k",
    "k_s": 5,
    "k_m": 10,
    "n_samples": 100,
    "proxy_type": "top1",
    "proxy_threshold": -1.5,
    "mavg_window": 5,
    "leniency": 1,
    "max_length": 200
  },
  "summary": {
    "tokens_per_sec": 29.340192573473523,
    "avg_wall_time": 6.169352827072143,
    "avg_ml_calls": 23.42,
    "avg_mm_calls": 70.23,
    "avg_ms_calls": 306.56,
    "avg_mm_rejected_by_ms": 64.22
  },
  "raw": {
    "wall_times": [
      5.399961471557617,
      6.112511157989502,
      8.819504261016846,
      2.952324390411377,
      3.6734869480133057,
      7.046504020690918,
      5.336091756820679,
      6.8354856967926025,
      7.406997919082642,
      6.290812730789185,
      5.846300840377808,
      4.3820295333862305,
      5.77585506439209,
      12.085809230804443,
      4.959582328796387,
      4.650574445724487,
      5.773998260498047,
      9.082786083221436,
      7.638843774795532,
      5.846808195114136,
      5.960850238800049,
      6.395314455032349,
      8.303685665130615,
      4.915109157562256,
      4.852742910385132,
      5.538439035415649,
      5.428697824478149,
      9.89193844795227,
      2.3708810806274414,
      4.501750469207764,
      5.503825426101685,
      8.21566891670227,
      4.432128190994263,
      4.257216215133667,
      6.682957172393799,
      6.296991348266602,
      3.5398447513580322,
      1.969224214553833,
      5.4505531787872314,
      10.503844499588013,
      4.397573471069336,
      4.9846014976501465,
      9.464090347290039,
      4.858868360519409,
      5.374981641769409,
      8.533332109451294,
      4.726838111877441,
      7.236452102661133,
      3.282243251800537,
      1.498060941696167,
      2.7270357608795166,
      8.278661966323853,
      5.277405261993408,
      7.754667520523071,
      4.811511278152466,
      5.8865556716918945,
      12.724703788757324,
      6.5452353954315186,
      3.6664226055145264,
      2.0231707096099854,
      8.11862826347351,
      5.326550245285034,
      7.425415754318237,
      12.256799459457397,
      8.381808042526245,
      7.989524602890015,
      7.23924446105957,
      5.427698373794556,
      7.572551012039185,
      4.5507972240448,
      6.10338282585144,
      5.370687961578369,
      5.424543857574463,
      2.647249698638916,
      6.900951862335205,
      9.503895044326782,
      2.5205790996551514,
      9.716618537902832,
      8.11477017402649,
      4.400730133056641,
      5.717010498046875,
      5.638436794281006,
      6.12269926071167,
      2.9945385456085205,
      4.899258375167847,
      9.898198127746582,
      4.9940266609191895,
      6.465452194213867,
      8.629610538482666,
      3.8759114742279053,
      4.683767318725586,
      10.1224524974823,
      4.655102729797363,
      6.597564935684204,
      12.148522138595581,
      6.924341201782227,
      5.2699525356292725,
      6.158307790756226,
      5.703606843948364,
      5.463752508163452
    ],
    "tokens_generated": [
      201,
      139,
      205,
      78,
      88,
      204,
      208,
      210,
      204,
      209,
      207,
      202,
      200,
      209,
      208,
      205,
      202,
      209,
      203,
      193,
      209,
      204,
      210,
      200,
      202,
      203,
      201,
      204,
      86,
      207,
      139,
      209,
      202,
      209,
      204,
      207,
      143,
      94,
      209,
      203,
      204,
      208,
      202,
      206,
      129,
      209,
      204,
      209,
      65,
      36,
      94,
      201,
      207,
      204,
      201,
      210,
      209,
      208,
      100,
      83,
      139,
      107,
      200,
      203,
      204,
      207,
      200,
      208,
      206,
      207,
      201,
      209,
      209,
      78,
      210,
      208,
      76,
      207,
      200,
      206,
      209,
      200,
      209,
      100,
      72,
      201,
      160,
      201,
      210,
      94,
      207,
      210,
      202,
      123,
      203,
      201,
      73,
      210,
      205,
      208
    ],
    "ml_forward_calls": [
      22,
      20,
      32,
      11,
      14,
      26,
      24,
      26,
      26,
      26,
      23,
      20,
      22,
      36,
      21,
      20,
      23,
      32,
      28,
      24,
      23,
      27,
      30,
      20,
      21,
      22,
      23,
      33,
      10,
      20,
      22,
      27,
      19,
      20,
      25,
      24,
      15,
      9,
      23,
      34,
      21,
      21,
      33,
      20,
      21,
      31,
      20,
      27,
      12,
      6,
      11,
      29,
      22,
      30,
      21,
      25,
      42,
      26,
      13,
      9,
      27,
      18,
      26,
      40,
      29,
      31,
      28,
      22,
      28,
      21,
      23,
      23,
      24,
      10,
      26,
      31,
      10,
      33,
      30,
      20,
      22,
      23,
      24,
      12,
      13,
      34,
      22,
      26,
      31,
      15,
      20,
      35,
      21,
      23,
      39,
      29,
      16,
      25,
      25,
      24
    ],
    "mm_forward_calls": [
      54,
      75,
      101,
      36,
      39,
      87,
      59,
      82,
      82,
      68,
      63,
      44,
      63,
      139,
      52,
      49,
      63,
      112,
      89,
      68,
      62,
      69,
      90,
      52,
      53,
      61,
      63,
      114,
      27,
      46,
      64,
      95,
      48,
      44,
      77,
      69,
      39,
      21,
      62,
      124,
      45,
      50,
      123,
      54,
      62,
      92,
      50,
      82,
      39,
      21,
      34,
      96,
      56,
      77,
      49,
      63,
      166,
      75,
      43,
      22,
      98,
      65,
      89,
      151,
      95,
      92,
      81,
      59,
      87,
      49,
      68,
      60,
      58,
      30,
      81,
      109,
      29,
      109,
      99,
      48,
      61,
      63,
      68,
      34,
      60,
      124,
      56,
      73,
      112,
      46,
      50,
      116,
      50,
      81,
      136,
      79,
      66,
      67,
      62,
      58
    ],
    "ms_forward_calls": [
      235,
      306,
      442,
      145,
      186,
      341,
      257,
      329,
      365,
      305,
      290,
      212,
      291,
      631,
      249,
      220,
      290,
      443,
      392,
      280,
      308,
      320,
      428,
      255,
      243,
      276,
      255,
      478,
      118,
      222,
      274,
      424,
      224,
      213,
      333,
      325,
      179,
      99,
      267,
      536,
      216,
      224,
      446,
      238,
      267,
      435,
      228,
      367,
      167,
      65,
      131,
      423,
      264,
      369,
      237,
      295,
      618,
      313,
      189,
      102,
      416,
      272,
      370,
      604,
      423,
      393,
      365,
      273,
      382,
      219,
      313,
      264,
      266,
      137,
      311,
      487,
      127,
      505,
      400,
      214,
      299,
      279,
      313,
      153,
      266,
      476,
      240,
      315,
      412,
      193,
      222,
      526,
      226,
      330,
      635,
      337,
      273,
      309,
      268,
      263
    ],