{
  "config": {
    "ms_name": "/mnt/data/xuandong/hf_models/models--TinyLlama--TinyLlama-1.1B-Chat-v1.0/snapshots/77e23968eed12d195bd46c519aa679cc22a27ddc",
    "mm_name": "/mnt/data/xuandong/hf_models/models--NousResearch--Llama-2-7b-hf/snapshots/dacdfcde31297e34b19ee0e7532f29586d2c17bc",
    "ml_name": "/mnt/data/xuandong/hf_models/models--NousResearch--Llama-2-13b-hf/snapshots/b0491461253755d8c60bf22f0d696b9e337c6375",
    "mode": "proxy_mavg",
    "dataset": "mmlu",
    "n_samples": 100,
    "k_s": 5,
    "k_m": 10,
    "leniency": 1,
    "tau": 0.4,
    "window_size": 20,
    "proxy_threshold": null,
    "mavg_window": 5,
    "max_length": 200,
    "device": "cuda:0",
    "dtype": "torch.float16",
    "proxy_threshold_used": -1.5
  },
  "summary": {
    "tokens_per_sec": 29.853297301290922,
    "avg_wall_time": 6.522897555828094,
    "avg_ml_calls": 24.83,
    "avg_mm_calls": 69.63,
    "avg_ms_calls": 332.58
  },
  "raw": {
    "wall_times": [
      6.758317947387695,
      5.771237134933472,
      6.6799023151397705,
      8.45723295211792,
      7.172651052474976,
      4.632975339889526,
      5.099906921386719,
      4.929438591003418,
      6.206209182739258,
      9.781537532806396,
      5.623804569244385,
      5.642050743103027,
      5.287252187728882,
      8.321881294250488,
      5.852527618408203,
      5.291897296905518,
      8.471283197402954,
      4.342221260070801,
      5.88262152671814,
      4.851264953613281,
      6.70015549659729,
      8.23361325263977,
      5.250659465789795,
      4.3914008140563965,
      10.36823320388794,
      5.869199991226196,
      6.945641279220581,
      7.175870418548584,
      6.731525897979736,
      5.1123127937316895,
      8.094491720199585,
      6.371075391769409,
      5.8153886795043945,
      7.010813236236572,
      8.448941469192505,
      5.186717510223389,
      8.713083267211914,
      10.904314994812012,
      5.693123817443848,
      5.111328125,
      5.545037031173706,
      6.207370281219482,
      6.035186290740967,
      8.430903196334839,
      7.35722017288208,
      8.811393022537231,
      5.402032375335693,
      5.501634359359741,
      7.194620370864868,
      6.366295576095581,
      3.0185742378234863,
      4.8570122718811035,
      5.995929956436157,
      7.935627698898315,
      7.142396450042725,
      5.4221038818359375,
      5.607158422470093,
      7.037420749664307,
      4.956253290176392,
      4.77179479598999,
      11.214028120040894,
      5.642116546630859,
      9.266990423202515,
      4.624530076980591,
      9.901070594787598,
      4.72222900390625,
      9.548896312713623,
      5.104961156845093,
      10.036359786987305,
      5.891371488571167,
      5.141213417053223,
      7.110048770904541,
      5.9703369140625,
      7.8396265506744385,
      5.054851055145264,
      3.608930826187134,
      10.837510347366333,
      7.900754451751709,
      8.668362140655518,
      8.404383420944214,
      5.2327210903167725,
      6.688474416732788,
      4.861776351928711,
      5.180412292480469,
      6.59857439994812,
      5.243081092834473,
      10.258728742599487,
      7.382049798965454,
      7.430800914764404,
      4.944482326507568,
      7.04781699180603,
      2.394442081451416,
      4.613450527191162,
      6.105502605438232,
      3.5377678871154785,
      5.720566034317017,
      4.7309370040893555,
      8.719998598098755,
      5.776761054992676,
      6.552771091461182
    ],
    "tokens_generated": [
      202,
      202,
      207,
      202,
      202,
      203,
      208,
      206,
      208,
      203,
      205,
      210,
      201,
      203,
      200,
      132,
      210,
      202,
      204,
      204,
      166,
      203,
      206,
      201,
      200,
      204,
      202,
      206,
      208,
      206,
      201,
      202,
      201,
      200,
      200,
      202,
      207,
      203,
      200,
      200,
      200,
      210,
      208,
      140,
      206,
      205,
      206,
      200,
      202,
      207,
      70,
      209,
      202,
      191,
      209,
      154,
      202,
      207,
      200,
      156,
      200,
      206,
      203,
      205,
      200,
      202,
      191,
      207,
      206,
      203,
      203,
      208,
      207,
      156,
      209,
      74,
      204,
      203,
      205,
      210,
      201,
      205,
      206,
      207,
      201,
      204,
      200,
      204,
      204,
      207,
      205,
      75,
      203,
      200,
      73,
      205,
      135,
      204,
      210,
      206
    ],
    "ml_forward_calls": [
      25,
      22,
      26,
      29,
      27,
      20,
      22,
      22,
      25,
      36,
      22,
      24,
      21,
      32,
      23,
      19,
      30,
      19,
      24,
      21,
      25,
      31,
      22,
      19,
      34,
      23,
      27,
      27,
      26,
      22,
      29,
      26,
      23,
      26,
      30,
      22,
      29,
      33,
      23,
      22,
      22,
      24,
      24,
      25,
      28,
      31,
      22,
      23,
      27,
      25,
      10,
      21,
      23,
      27,
      28,
      22,
      23,
      27,
      21,
      19,
      36,
      23,
      33,
      20,
      33,
      21,
      30,
      22,
      34,
      24,
      23,
      28,
      24,
      28,
      22,
      12,
      38,
      31,
      31,
      29,
      22,
      25,
      21,
      22,
      25,
      21,
      33,
      27,
      27,
      22,
      27,
      9,
      20,
      23,
      13,
      22,
      19,
      32,
      24,
      27
    ],
    "mm_forward_calls": [
      65,
      65,
      72,
      93,
      76,
      46,
      54,
      54,
      65,
      106,
      60,
      58,
      55,
      87,
      63,
      60,
      92,
      44,
      62,
      50,
      71,
      87,
      57,
      46,
      113,
      62,
      74,
      77,
      72,
      53,
      88,
      66,
      64,
      74,
      88,
      54,
      95,
      118,
      63,
      53,
      59,
      68,
      62,
      97,
      74,
      92,
      57,
      57,
      77,
      67,
      35,
      50,
      63,
      86,
      78,
      61,
      58,
      77,
      52,
      50,
      125,
      60,
      98,
      50,
      109,
      48,
      101,
      54,
      109,
      64,
      52,
      74,
      62,
      85,
      52,
      43,
      118,
      87,
      96,
      89,
      55,
      74,
      50,
      52,
      68,
      55,
      112,
      77,
      80,
      51,
      74,
      26,
      47,
      67,
      43,
      59,
      52,
      96,
      60,
      67
    ],
    "ms_forward_calls": [
      325,
      293,
      340,
      438,
      369,
      230,
      250,
      238,
      321,
      502,
      280,
      286,
      275,
      405,
      303,
      273,
      448,
      220,
      302,
      238,
      343,
      420,
      253,
      223,
      553,
      303,
      351,
      365,
      340,
      257,
      416,
      326,
      288,
      359,
      416,
      266,
      467,
      565,
      291,
      261,
      283,
      320,
      306,
      449,
      370,
      456,
      273,
      281,
      357,
      331,
      159,
      246,
      315,
      406,
      367,
      270,
      286,
      365,
      250,
      246,
      577,
      280,
      474,
      226,
      526,
      240,
      489,
      253,
      509,
      292,
      260,
      370,
      310,
      417,
      248,
      187,
      547,
      403,
      429,
      437,
      263,
      339,
      242,
      256,
      332,
      263,
      532,
      381,
      392,
      244,
      360,
      126,
      227,
      315,
      175,
      283,
      240,
      448,
      296,
      335
    ],