{
  "config": {
    "mode": "proxy_margin",
    "dataset": "gsm8k",
    "k_s": 5,
    "k_m": 10,
    "n_samples": 100,
    "proxy_type": "margin",
    "proxy_threshold": 1.0,
    "mavg_window": 5,
    "leniency": 1,
    "max_length": 200
  },
  "summary": {
    "tokens_per_sec": 31.388057273387428,
    "avg_wall_time": 5.7668430519104,
    "avg_ml_calls": 23.42,
    "avg_mm_calls": 76.39,
    "avg_ms_calls": 251.37,
    "avg_mm_rejected_by_ms": 21.54
  },
  "raw": {
    "wall_times": [
      5.287967681884766,
      5.401310205459595,
      7.977082252502441,
      2.8091702461242676,
      3.5657925605773926,
      6.509983777999878,
      5.374107360839844,
      6.3258726596832275,
      6.996248722076416,
      5.929840326309204,
      5.6364099979400635,
      4.317846059799194,
      5.408146142959595,
      10.280353307723999,
      4.834063768386841,
      4.527571678161621,
      5.513935327529907,
      8.084197282791138,
      6.775502681732178,
      5.556777000427246,
      5.441510915756226,
      6.202686071395874,
      7.4573376178741455,
      4.5086565017700195,
      4.606848239898682,
      5.434737205505371,
      5.253061771392822,
      8.74173879623413,
      2.2765700817108154,
      4.297140836715698,
      5.5342018604278564,
      7.213269233703613,
      4.233160734176636,
      4.244440078735352,
      6.153297424316406,
      5.511558294296265,
      3.3094475269317627,
      1.9384725093841553,
      5.258155584335327,
      9.574151992797852,
      4.366009473800659,
      4.960186243057251,
      8.942635536193848,
      4.621514081954956,
      5.058927297592163,
      7.836333274841309,
      4.588111877441406,
      6.87224555015564,
      3.0976083278656006,
      1.3970649242401123,
      2.628758192062378,
      7.297855615615845,
      4.948522329330444,
      7.353359699249268,
      4.778076410293579,
      5.877439975738525,
      11.69345760345459,
      6.300616025924683,
      3.2829337120056152,
      1.9038472175598145,
      7.197480201721191,
      4.749185562133789,
      6.732030630111694,
      10.905751705169678,
      7.583221673965454,
      7.642712116241455,
      6.649770259857178,
      5.112416982650757,
      6.877425909042358,
      4.584786653518677,
      5.549667835235596,
      5.2965874671936035,
      5.313036203384399,
      2.398145914077759,
      6.676159143447876,
      8.427361726760864,
      2.5478596687316895,
      8.867328882217407,
      7.560234069824219,
      4.341760873794556,
      5.318196535110474,
      5.422782897949219,
      5.779502868652344,
      2.6866629123687744,
      4.045707702636719,
      9.090834856033325,
      5.074336051940918,
      6.305992841720581,
      8.391540288925171,
      3.6828806400299072,
      4.612123489379883,
      9.260242223739624,
      4.712439775466919,
      6.269077301025391,
      10.830040454864502,
      6.795919418334961,
      4.6553544998168945,
      5.68892240524292,
      5.561142683029175,
      5.379556179046631
    ],
    "tokens_generated": [
      201,
      139,
      205,
      78,
      88,
      204,
      208,
      210,
      204,
      209,
      207,
      202,
      200,
      209,
      208,
      205,
      202,
      209,
      203,
      193,
      209,
      204,
      210,
      200,
      202,
      203,
      201,
      204,
      86,
      207,
      139,
      209,
      202,
      209,
      204,
      207,
      143,
      94,
      209,
      203,
      204,
      208,
      202,
      206,
      129,
      209,
      204,
      209,
      65,
      36,
      94,
      201,
      207,
      204,
      201,
      210,
      209,
      208,
      100,
      83,
      139,
      107,
      200,
      203,
      204,
      207,
      200,
      208,
      206,
      207,
      201,
      209,
      209,
      78,
      210,
      208,
      76,
      207,
      200,
      206,
      209,
      200,
      209,
      100,
      72,
      201,
      160,
      201,
      210,
      94,
      207,
      210,
      202,
      123,
      203,
      201,
      73,
      210,
      205,
      208
    ],
    "ml_forward_calls": [
      22,
      20,
      32,
      11,
      14,
      26,
      24,
      26,
      26,
      26,
      23,
      20,
      22,
      36,
      21,
      20,
      23,
      32,
      27,
      24,
      23,
      27,
      30,
      20,
      21,
      22,
      23,
      33,
      10,
      20,
      22,
      27,
      19,
      20,
      25,
      23,
      15,
      9,
      23,
      35,
      21,
      21,
      33,
      20,
      21,
      31,
      20,
      27,
      12,
      6,
      11,
      29,
      22,
      30,
      21,
      25,
      42,
      26,
      13,
      9,
      27,
      18,
      26,
      40,
      29,
      31,
      28,
      22,
      28,
      21,
      23,
      23,
      24,
      10,
      26,
      31,
      10,
      33,
      30,
      20,
      22,
      23,
      24,
      12,
      13,
      34,
      22,
      26,
      31,
      15,
      20,
      35,
      21,
      24,
      39,
      29,
      16,
      25,
      25,
      24
    ],
    "mm_forward_calls": [
      58,
      85,
      115,
      38,
      43,
      91,
      63,
      89,
      93,
      71,
      66,
      45,
      66,
      156,
      57,
      50,
      68,
      122,
      94,
      72,
      66,
      76,
      97,
      53,
      55,
      69,
      66,
      125,
      28,
      48,
      77,
      102,
      50,
      45,
      86,
      73,
      41,
      22,
      63,
      138,
      48,
      52,
      128,
      54,
      69,
      104,
      51,
      95,
      45,
      21,
      38,
      106,
      59,
      86,
      52,
      71,
      178,
      83,
      50,
      23,
      108,
      68,
      97,
      158,
      106,
      104,
      86,
      66,
      92,
      55,
      75,
      66,
      64,
      35,
      88,
      123,
      34,
      124,
      108,
      53,
      66,
      68,
      75,
      36,
      63,
      130,
      68,
      77,
      119,
      50,
      51,
      133,
      54,
      90,
      157,
      91,
      70,
      69,
      63,
      64
    ],
    "ms_forward_calls": [
      213,
      214,
      329,
      127,
      162,
      275,
      244,
      257,
      298,
      268,
      270,
      206,
      250,
      416,
      223,
      205,
      247,
      319,
      298,
      242,
      246,
      282,
      325,
      212,
      211,
      243,
      228,
      354,
      106,
      196,
      244,
      308,
      199,
      208,
      260,
      243,
      151,
      93,
      245,
      404,
      204,
      218,
      378,
      213,
      216,
      336,
      211,
      296,
      132,
      55,
      110,
      300,
      222,
      314,
      225,
      273,
      486,
      270,
      133,
      88,
      301,
      207,
      281,
      455,
      318,
      329,
      295,
      223,
      301,
      206,
      241,
      241,
      240,
      100,
      272,
      349,
      116,
      384,
      321,
      195,
      248,
      245,
      261,
      118,
      175,
      382,
      218,
      288,
      370,
      163,
      212,
      397,
      220,
      267,
      456,
      293,
      201,
      257,
      251,
      239
    ],