{
  "config": {
    "ms_name": "/mnt/data/xuandong/hf_models/models--TinyLlama--TinyLlama-1.1B-Chat-v1.0/snapshots/77e23968eed12d195bd46c519aa679cc22a27ddc",
    "mm_name": "/mnt/data/xuandong/hf_models/models--NousResearch--Llama-2-7b-hf/snapshots/dacdfcde31297e34b19ee0e7532f29586d2c17bc",
    "ml_name": "/mnt/data/xuandong/hf_models/models--NousResearch--Llama-2-13b-hf/snapshots/b0491461253755d8c60bf22f0d696b9e337c6375",
    "mode": "proxy_margin",
    "dataset": "mmlu",
    "n_samples": 100,
    "k_s": 5,
    "k_m": 10,
    "leniency": 1,
    "tau": 0.4,
    "window_size": 20,
    "proxy_threshold": null,
    "mavg_window": 5,
    "max_length": 200,
    "device": "cuda:0",
    "dtype": "torch.float16",
    "proxy_threshold_used": 1.0
  },
  "summary": {
    "tokens_per_sec": 32.91181436496272,
    "avg_wall_time": 5.9158087682724,
    "avg_ml_calls": 24.82,
    "avg_mm_calls": 77.53,
    "avg_ms_calls": 258.93
  },
  "raw": {
    "wall_times": [
      6.293269872665405,
      5.158834218978882,
      6.170744895935059,
      7.229189872741699,
      6.3610312938690186,
      4.3841962814331055,
      4.874313592910767,
      4.809295415878296,
      5.578758001327515,
      8.777628660202026,
      5.123017072677612,
      5.3199403285980225,
      5.017107248306274,
      7.937886714935303,
      5.188674688339233,
      4.6714582443237305,
      7.359677314758301,
      4.065769195556641,
      5.585759401321411,
      4.721395015716553,
      5.950965881347656,
      7.2567853927612305,
      5.0185747146606445,
      4.12940239906311,
      8.692984819412231,
      5.350358486175537,
      6.659957408905029,
      6.5942463874816895,
      6.194697380065918,
      4.944830894470215,
      7.159600257873535,
      5.927714824676514,
      5.3216893672943115,
      6.419494152069092,
      7.393556118011475,
      4.820428848266602,
      7.719603061676025,
      9.102072715759277,
      5.289277791976929,
      4.816307067871094,
      4.938708305358887,
      5.579977512359619,
      5.558379650115967,
      6.912398099899292,
      6.899230241775513,
      7.39781379699707,
      4.987599849700928,
      5.296499490737915,
      6.486516237258911,
      5.796466112136841,
      2.459892749786377,
      4.678059101104736,
      5.152893304824829,
      6.940568208694458,
      6.661821603775024,
      5.106532096862793,
      5.3692920207977295,
      6.456798315048218,
      4.62045693397522,
      4.656542062759399,
      9.416077613830566,
      5.196522235870361,
      8.390558242797852,
      4.4079813957214355,
      8.08351469039917,
      4.5474629402160645,
      8.379697561264038,
      5.03625226020813,
      8.675903558731079,
      5.486241102218628,
      4.9174745082855225,
      6.362578868865967,
      5.716939687728882,
      6.593027591705322,
      4.913443565368652,
      3.1513986587524414,
      9.76673698425293,
      7.483327865600586,
      7.716511249542236,
      7.362902879714966,
      4.897878885269165,
      5.93596625328064,
      4.573222637176514,
      4.762686014175415,
      6.243832588195801,
      4.876450538635254,
      8.633293628692627,
      6.254928827285767,
      6.609535455703735,
      4.856572151184082,
      6.4386515617370605,
      2.1188161373138428,
      4.438928842544556,
      5.396857500076294,
      3.1777689456939697,
      5.1488566398620605,
      4.607232332229614,
      7.942774534225464,
      5.4466705322265625,
      6.268458366394043
    ],
    "tokens_generated": [
      202,
      202,
      207,
      202,
      202,
      203,
      208,
      206,
      208,
      203,
      205,
      210,
      201,
      203,
      200,
      131,
      210,
      202,
      204,
      204,
      165,
      203,
      206,
      201,
      200,
      204,
      202,
      206,
      208,
      206,
      201,
      202,
      201,
      200,
      200,
      202,
      207,
      203,
      200,
      200,
      200,
      210,
      208,
      140,
      206,
      205,
      206,
      200,
      202,
      207,
      70,
      209,
      202,
      191,
      209,
      154,
      202,
      207,
      200,
      156,
      200,
      206,
      203,
      205,
      200,
      202,
      191,
      207,
      206,
      203,
      203,
      208,
      207,
      155,
      209,
      74,
      204,
      203,
      205,
      210,
      201,
      205,
      206,
      207,
      201,
      204,
      200,
      204,
      204,
      207,
      205,
      75,
      203,
      200,
      73,
      205,
      135,
      204,
      210,
      206
    ],
    "ml_forward_calls": [
      25,
      22,
      26,
      29,
      27,
      20,
      22,
      22,
      25,
      36,
      22,
      24,
      21,
      32,
      23,
      19,
      30,
      19,
      24,
      21,
      25,
      30,
      22,
      19,
      34,
      23,
      27,
      27,
      26,
      22,
      29,
      26,
      23,
      26,
      30,
      22,
      29,
      33,
      23,
      22,
      22,
      24,
      24,
      25,
      28,
      31,
      22,
      23,
      27,
      25,
      10,
      21,
      23,
      27,
      28,
      22,
      23,
      27,
      21,
      19,
      36,
      23,
      33,
      20,
      33,
      21,
      30,
      22,
      34,
      24,
      23,
      28,
      24,
      28,
      22,
      12,
      38,
      31,
      31,
      29,
      22,
      25,
      21,
      22,
      25,
      21,
      33,
      27,
      27,
      22,
      27,
      9,
      20,
      23,
      13,
      22,
      19,
      32,
      24,
      27
    ],
    "mm_forward_calls": [
      74,
      68,
      85,
      105,
      85,
      48,
      57,
      58,
      70,
      128,
      66,
      62,
      65,
      100,
      67,
      68,
      101,
      47,
      67,
      56,
      77,
      97,
      60,
      47,
      128,
      66,
      88,
      86,
      82,
      56,
      103,
      74,
      67,
      86,
      98,
      59,
      107,
      134,
      69,
      60,
      61,
      75,
      68,
      103,
      91,
      96,
      58,
      64,
      84,
      76,
      35,
      53,
      65,
      92,
      90,
      71,
      66,
      87,
      55,
      58,
      137,
      63,
      117,
      53,
      121,
      51,
      106,
      59,
      124,
      72,
      59,
      80,
      70,
      95,
      57,
      47,
      140,
      106,
      107,
      104,
      58,
      85,
      54,
      52,
      84,
      59,
      121,
      80,
      89,
      56,
      88,
      34,
      49,
      71,
      48,
      62,
      64,
      113,
      68,
      81
    ],
    "ms_forward_calls": [
      261,
      227,
      262,
      295,
      272,
      203,
      222,
      218,
      251,
      359,
      220,
      247,
      226,
      341,
      232,
      195,
      322,
      188,
      264,
      213,
      262,
      311,
      226,
      197,
      358,
      245,
      293,
      289,
      267,
      235,
      292,
      266,
      234,
      276,
      303,
      220,
      345,
      373,
      239,
      218,
      223,
      245,
      248,
      295,
      291,
      320,
      234,
      249,
      279,
      257,
      106,
      223,
      232,
      304,
      293,
      217,
      246,
      287,
      212,
      218,
      389,
      232,
      351,
      200,
      329,
      218,
      378,
      237,
      353,
      237,
      224,
      287,
      268,
      276,
      223,
      134,
      400,
      321,
      318,
      306,
      226,
      243,
      207,
      219,
      265,
      221,
      364,
      272,
      295,
      227,
      271,
      81,
      209,
      243,
      130,
      228,
      202,
      338,
      248,
      277
    ],