{
  "config": {
    "mode": "proxy_mavg",
    "dataset": "gsm8k",
    "k_s": 5,
    "k_m": 10,
    "n_samples": 100,
    "proxy_type": "mavg",
    "proxy_threshold": -1.5,
    "mavg_window": 5,
    "leniency": 1,
    "max_length": 200
  },
  "summary": {
    "tokens_per_sec": 28.867003971899024,
    "avg_wall_time": 6.27048100233078,
    "avg_ml_calls": 23.41,
    "avg_mm_calls": 69.88,
    "avg_ms_calls": 322.46,
    "avg_mm_rejected_by_ms": 79.07
  },
  "raw": {
    "wall_times": [
      5.43159818649292,
      6.327116012573242,
      8.960386037826538,
      2.985677719116211,
      3.643810987472534,
      7.255012273788452,
      5.4986937046051025,
      7.067302942276001,
      7.401515245437622,
      6.3627026081085205,
      5.8103928565979,
      4.32889461517334,
      5.793923377990723,
      12.226245880126953,
      4.960787296295166,
      4.728759527206421,
      5.811453104019165,
      9.460683584213257,
      7.414506435394287,
      5.936381101608276,
      5.945192813873291,
      6.521389007568359,
      8.413810729980469,
      4.861497163772583,
      4.9249022006988525,
      5.555279970169067,
      5.671581029891968,
      10.314802885055542,
      2.36116886138916,
      4.481261968612671,
      5.64504599571228,
      8.265556573867798,
      4.471388816833496,
      4.252845048904419,
      6.769283294677734,
      6.324100732803345,
      3.5430784225463867,
      1.914461612701416,
      5.515850067138672,
      10.82358431816101,
      4.453964948654175,
      5.086966514587402,
      10.028081178665161,
      4.950505256652832,
      5.443028926849365,
      8.576371192932129,
      4.780352592468262,
      7.289151430130005,
      3.307037115097046,
      1.4717292785644531,
      2.8193979263305664,
      8.36303186416626,
      5.317827939987183,
      7.779672145843506,
      4.78630518913269,
      5.98174524307251,
      13.524037837982178,
      6.63881254196167,
      3.6817092895507812,
      2.0068349838256836,
      8.26635479927063,
      5.518541097640991,
      7.558063507080078,
      12.523366689682007,
      8.680910587310791,
      8.133625030517578,
      7.306029796600342,
      5.467684268951416,
      7.684798240661621,
      4.493413925170898,
      6.1666579246521,
      5.363213062286377,
      5.394240617752075,
      2.704573392868042,
      7.311174631118774,
      9.64617133140564,
      2.5572831630706787,
      9.879944086074829,
      8.41633939743042,
      4.406740427017212,
      5.6722047328948975,
      5.790701866149902,
      6.148694753646851,
      3.0300896167755127,
      4.999983787536621,
      10.323801755905151,
      5.057298183441162,
      6.4468464851379395,
      8.914716482162476,
      3.955118179321289,
      4.746265649795532,
      10.182129144668579,
      4.723512887954712,
      6.836813449859619,
      12.268723964691162,
      7.020961761474609,
      5.439603328704834,
      6.276277542114258,
      5.89596152305603,
      5.5707807540893555
    ],
    "tokens_generated": [
      201,
      139,
      205,
      78,
      88,
      204,
      208,
      210,
      204,
      209,
      207,
      202,
      200,
      209,
      208,
      205,
      202,
      209,
      203,
      193,
      209,
      204,
      210,
      200,
      202,
      203,
      201,
      204,
      86,
      207,
      139,
      209,
      202,
      209,
      204,
      207,
      143,
      94,
      209,
      203,
      204,
      208,
      202,
      206,
      129,
      209,
      204,
      209,
      65,
      36,
      94,
      201,
      207,
      204,
      201,
      210,
      209,
      208,
      100,
      83,
      139,
      107,
      200,
      203,
      204,
      207,
      200,
      208,
      206,
      207,
      201,
      209,
      209,
      78,
      210,
      208,
      76,
      207,
      200,
      206,
      209,
      200,
      209,
      100,
      72,
      201,
      160,
      201,
      210,
      94,
      207,
      210,
      202,
      123,
      203,
      201,
      73,
      210,
      205,
      208
    ],
    "ml_forward_calls": [
      22,
      20,
      32,
      11,
      14,
      26,
      24,
      26,
      26,
      26,
      23,
      20,
      22,
      36,
      21,
      20,
      23,
      32,
      27,
      24,
      23,
      27,
      30,
      20,
      21,
      22,
      23,
      33,
      10,
      20,
      22,
      27,
      19,
      20,
      25,
      24,
      15,
      9,
      23,
      34,
      21,
      21,
      33,
      20,
      21,
      31,
      20,
      27,
      12,
      6,
      11,
      29,
      22,
      30,
      21,
      25,
      42,
      26,
      13,
      9,
      27,
      18,
      26,
      40,
      29,
      31,
      28,
      22,
      28,
      21,
      23,
      23,
      24,
      10,
      26,
      31,
      10,
      33,
      30,
      20,
      22,
      23,
      24,
      12,
      13,
      34,
      22,
      26,
      31,
      15,
      20,
      35,
      21,
      23,
      39,
      29,
      16,
      25,
      25,
      24
    ],
    "mm_forward_calls": [
      53,
      75,
      100,
      36,
      39,
      86,
      59,
      82,
      81,
      68,
      63,
      44,
      63,
      138,
      52,
      49,
      63,
      110,
      84,
      68,
      62,
      69,
      90,
      51,
      52,
      61,
      63,
      114,
      26,
      46,
      64,
      94,
      48,
      44,
      77,
      69,
      39,
      20,
      62,
      124,
      45,
      50,
      119,
      54,
      62,
      92,
      50,
      82,
      38,
      19,
      34,
      95,
      56,
      77,
      49,
      63,
      166,
      75,
      43,
      22,
      98,
      65,
      89,
      150,
      94,
      92,
      81,
      59,
      87,
      48,
      68,
      59,
      57,
      30,
      81,
      109,
      28,
      109,
      99,
      48,
      61,
      63,
      68,
      34,
      60,
      122,
      56,
      72,
      112,
      46,
      50,
      115,
      50,
      81,
      136,
      79,
      66,
      67,
      62,
      58
    ],
    "ms_forward_calls": [
      244,
      341,
      469,
      154,
      187,
      361,
      269,
      348,
      371,
      326,
      300,
      216,
      300,
      657,
      253,
      230,
      299,
      493,
      396,
      294,
      310,
      330,
      441,
      255,
      256,
      281,
      280,
      518,
      122,
      222,
      294,
      439,
      232,
      216,
      347,
      333,
      183,
      98,
      278,
      576,
      225,
      234,
      519,
      250,
      278,
      444,
      235,
      378,
      176,
      69,
      143,
      442,
      272,
      373,
      237,
      309,
      711,
      327,
      195,
      103,
      441,
      298,
      390,
      643,
      462,
      414,
      379,
      281,
      400,
      219,
      325,
      270,
      270,
      146,
      353,
      509,
      136,
      529,
      438,
      218,
      301,
      299,
      321,
      160,
      283,
      531,
      251,
      320,
      448,
      205,
      230,
      545,
      236,
      360,
      656,
      352,
      296,
      325,
      290,
      277
    ],