{
  "config": {
    "ms_name": "/mnt/data/xuandong/hf_models/models--TinyLlama--TinyLlama-1.1B-Chat-v1.0/snapshots/77e23968eed12d195bd46c519aa679cc22a27ddc",
    "mm_name": "/mnt/data/xuandong/hf_models/models--NousResearch--Llama-2-7b-hf/snapshots/dacdfcde31297e34b19ee0e7532f29586d2c17bc",
    "ml_name": "/mnt/data/xuandong/hf_models/models--NousResearch--Llama-2-13b-hf/snapshots/b0491461253755d8c60bf22f0d696b9e337c6375",
    "mode": "proxy_entropy",
    "dataset": "mmlu",
    "n_samples": 100,
    "k_s": 5,
    "k_m": 10,
    "leniency": 1,
    "tau": 0.4,
    "window_size": 20,
    "proxy_threshold": null,
    "mavg_window": 5,
    "max_length": 200,
    "device": "cuda:0",
    "dtype": "torch.float16",
    "proxy_threshold_used": 2.0
  },
  "summary": {
    "tokens_per_sec": 32.08917438605865,
    "avg_wall_time": 6.069959845542908,
    "avg_ml_calls": 24.82,
    "avg_mm_calls": 76.88,
    "avg_ms_calls": 275.5
  },
  "raw": {
    "wall_times": [
      6.507498741149902,
      5.421462059020996,
      6.132524728775024,
      7.337314128875732,
      6.69897985458374,
      4.312216758728027,
      4.861485004425049,
      4.8714210987091064,
      5.804835557937622,
      9.053864479064941,
      5.236997842788696,
      5.386129379272461,
      5.016664028167725,
      7.998574733734131,
      5.261471509933472,
      4.757394790649414,
      8.028404235839844,
      4.294342756271362,
      5.725147724151611,
      4.863606929779053,
      6.199082136154175,
      7.405013561248779,
      4.958543539047241,
      4.111795425415039,
      9.151362657546997,
      5.396356582641602,
      6.509950876235962,
      6.679965496063232,
      6.373783588409424,
      5.0228190422058105,
      7.2161524295806885,
      6.249702453613281,
      5.227542400360107,
      6.502739906311035,
      8.024842262268066,
      5.00297212600708,
      7.948136568069458,
      10.029541254043579,
      5.306424379348755,
      4.838147401809692,
      5.099241256713867,
      5.666584491729736,
      5.675631046295166,
      7.210620403289795,
      7.201472520828247,
      7.695137977600098,
      5.107613563537598,
      5.300919771194458,
      6.517539024353027,
      5.838383674621582,
      2.526685953140259,
      4.849189519882202,
      5.398608446121216,
      7.4031312465667725,
      6.920656204223633,
      5.0280749797821045,
      5.472394227981567,
      6.271340847015381,
      4.705024480819702,
      4.408489465713501,
      9.9647798538208,
      5.252391338348389,
      8.57146430015564,
      4.533049583435059,
      8.317415237426758,
      4.538153648376465,
      8.748906373977661,
      4.9803385734558105,
      9.356569528579712,
      5.5931456089019775,
      5.134514808654785,
      6.803044080734253,
      5.821760416030884,
      6.923563718795776,
      4.943128824234009,
      3.299874782562256,
      10.06394910812378,
      7.521291494369507,
      7.931395769119263,
      7.786376953125,
      4.9918389320373535,
      6.212810039520264,
      4.511744737625122,
      4.782458782196045,
      6.283512592315674,
      5.014060020446777,
      9.274732828140259,
      7.008931636810303,
      6.887478351593018,
      4.760427236557007,
      6.424079656600952,
      2.2124767303466797,
      4.422406435012817,
      5.4462196826934814,
      3.2712857723236084,
      5.344571113586426,
      4.448195457458496,
      8.008079051971436,
      5.440366506576538,
      6.143245458602905
    ],
    "tokens_generated": [
      202,
      202,
      207,
      202,
      202,
      203,
      208,
      206,
      208,
      203,
      205,
      210,
      201,
      203,
      200,
      131,
      210,
      202,
      204,
      204,
      165,
      203,
      206,
      201,
      209,
      204,
      202,
      206,
      208,
      206,
      201,
      202,
      201,
      200,
      200,
      202,
      207,
      203,
      200,
      200,
      200,
      210,
      208,
      140,
      206,
      205,
      206,
      200,
      202,
      207,
      70,
      209,
      202,
      191,
      209,
      153,
      202,
      207,
      200,
      156,
      200,
      206,
      203,
      205,
      200,
      202,
      191,
      207,
      206,
      203,
      203,
      208,
      207,
      155,
      209,
      74,
      204,
      203,
      205,
      210,
      201,
      205,
      206,
      207,
      201,
      204,
      200,
      204,
      204,
      207,
      205,
      75,
      203,
      200,
      73,
      205,
      135,
      204,
      210,
      206
    ],
    "ml_forward_calls": [
      25,
      22,
      26,
      29,
      27,
      20,
      22,
      22,
      25,
      36,
      22,
      24,
      21,
      32,
      23,
      19,
      30,
      19,
      24,
      21,
      25,
      30,
      22,
      19,
      35,
      23,
      27,
      27,
      26,
      22,
      29,
      26,
      23,
      26,
      30,
      22,
      29,
      33,
      23,
      22,
      22,
      24,
      24,
      25,
      28,
      31,
      22,
      23,
      27,
      25,
      10,
      21,
      23,
      27,
      28,
      22,
      23,
      26,
      21,
      19,
      36,
      23,
      33,
      20,
      33,
      21,
      30,
      22,
      34,
      24,
      23,
      28,
      24,
      28,
      22,
      12,
      38,
      31,
      31,
      29,
      22,
      25,
      21,
      22,
      25,
      21,
      33,
      27,
      27,
      22,
      27,
      9,
      20,
      23,
      13,
      22,
      19,
      32,
      24,
      27
    ],
    "mm_forward_calls": [
      76,
      70,
      84,
      103,
      91,
      46,
      57,
      60,
      76,
      128,
      63,
      65,
      62,
      99,
      70,
      70,
      95,
      45,
      67,
      58,
      76,
      97,
      61,
      49,
      125,
      69,
      78,
      89,
      78,
      58,
      97,
      72,
      66,
      88,
      94,
      64,
      105,
      132,
      72,
      57,
      63,
      73,
      67,
      102,
      82,
      93,
      58,
      62,
      84,
      79,
      36,
      57,
      72,
      96,
      92,
      65,
      65,
      85,
      55,
      55,
      140,
      64,
      115,
      55,
      126,
      52,
      104,
      59,
      118,
      73,
      57,
      87,
      64,
      92,
      56,
      51,
      129,
      96,
      102,
      101,
      60,
      83,
      50,
      53,
      74,
      59,
      118,
      78,
      88,
      54,
      89,
      29,
      53,
      74,
      49,
      61,
      67,
      111,
      65,
      79
    ],
    "ms_forward_calls": [
      265,
      248,
      263,
      311,
      289,
      202,
      222,
      220,
      260,
      385,
      239,
      247,
      235,
      346,
      233,
      201,
      405,
      216,
      279,
      221,
      288,
      326,
      218,
      192,
      405,
      243,
      304,
      292,
      295,
      238,
      313,
      303,
      228,
      280,
      365,
      228,
      375,
      456,
      236,
      229,
      235,
      261,
      262,
      330,
      339,
      353,
      246,
      256,
      282,
      255,
      111,
      231,
      241,
      337,
      317,
      226,
      259,
      281,
      220,
      202,
      429,
      235,
      374,
      208,
      339,
      215,
      414,
      232,
      426,
      245,
      251,
      314,
      295,
      318,
      229,
      140,
      451,
      351,
      347,
      353,
      230,
      276,
      211,
      218,
      291,
      233,
      428,
      347,
      327,
      223,
      268,
      104,
      197,
      242,
      138,
      246,
      181,
      352,
      256,
      271
    ],