{
  "config": {
    "ms_name": "/mnt/data/xuandong/hf_models/models--TinyLlama--TinyLlama-1.1B-Chat-v1.0/snapshots/77e23968eed12d195bd46c519aa679cc22a27ddc",
    "mm_name": "/mnt/data/xuandong/hf_models/models--NousResearch--Llama-2-7b-hf/snapshots/dacdfcde31297e34b19ee0e7532f29586d2c17bc",
    "ml_name": "/mnt/data/xuandong/hf_models/models--NousResearch--Llama-2-13b-hf/snapshots/b0491461253755d8c60bf22f0d696b9e337c6375",
    "mode": "proxy_top1",
    "dataset": "mmlu",
    "n_samples": 100,
    "k_s": 5,
    "k_m": 10,
    "leniency": 1,
    "tau": 0.4,
    "window_size": 20,
    "proxy_threshold": null,
    "mavg_window": 5,
    "max_length": 200,
    "device": "cuda:0",
    "dtype": "torch.float16",
    "proxy_threshold_used": -1.5
  },
  "summary": {
    "tokens_per_sec": 30.851265427113795,
    "avg_wall_time": 6.310600142478943,
    "avg_ml_calls": 24.83,
    "avg_mm_calls": 70.19,
    "avg_ms_calls": 318.36
  },
  "raw": {
    "wall_times": [
      6.616522312164307,
      5.495343923568726,
      6.449482202529907,
      8.139725685119629,
      7.0209314823150635,
      4.454181909561157,
      4.895761251449585,
      4.897456169128418,
      6.032943248748779,
      9.44575572013855,
      5.551737546920776,
      5.5698065757751465,
      5.137262344360352,
      8.100823402404785,
      5.640273809432983,
      4.95790433883667,
      8.391927719116211,
      4.266010284423828,
      5.72130012512207,
      4.77214789390564,
      6.525998830795288,
      7.928964614868164,
      5.0439276695251465,
      4.265529632568359,
      9.946229457855225,
      5.673670530319214,
      6.651370048522949,
      6.915067672729492,
      6.458749055862427,
      4.875236749649048,
      7.837845802307129,
      6.193066596984863,
      5.519141435623169,
      6.716854810714722,
      8.342447280883789,
      5.0490381717681885,
      8.34096074104309,
      10.472853899002075,
      5.605528354644775,
      4.812365531921387,
      5.358636379241943,
      5.981858253479004,
      5.976138353347778,
      7.9433019161224365,
      7.263211011886597,
      8.446614980697632,
      5.216256618499756,
      5.3395469188690186,
      6.970425844192505,
      6.308838844299316,
      2.703195810317993,
      4.715646505355835,
      5.64847993850708,
      7.650393009185791,
      7.005563259124756,
      5.1135571002960205,
      5.418633937835693,
      6.856925010681152,
      4.687491416931152,
      4.638587236404419,
      10.905782699584961,
      5.350492715835571,
      9.127808094024658,
      4.454029321670532,
      9.505329847335815,
      4.506624460220337,
      9.366039037704468,
      4.996078014373779,
      9.77121615409851,
      5.699997186660767,
      5.017581462860107,
      6.970383167266846,
      5.892764091491699,
      7.473480224609375,
      4.884676694869995,
      3.461866617202759,
      10.669806718826294,
      7.662294149398804,
      8.239342212677002,
      8.236719369888306,
      4.973262548446655,
      6.343951225280762,
      4.7031168937683105,
      4.84330940246582,
      6.436175107955933,
      5.118466377258301,
      9.776293516159058,
      7.212178945541382,
      7.146003246307373,
      4.751878976821899,
      6.828913450241089,
      2.406090259552002,
      4.477468252182007,
      5.922538995742798,
      3.303823232650757,
      5.685649156570435,
      4.651395559310913,
      8.373872995376587,
      5.573922872543335,
      6.363943815231323
    ],
    "tokens_generated": [
      202,
      202,
      207,
      202,
      202,
      203,
      208,
      206,
      208,
      203,
      205,
      210,
      201,
      203,
      200,
      131,
      210,
      202,
      204,
      204,
      165,
      203,
      206,
      201,
      200,
      204,
      202,
      206,
      208,
      206,
      201,
      202,
      201,
      200,
      200,
      202,
      207,
      203,
      200,
      200,
      200,
      210,
      208,
      140,
      206,
      205,
      206,
      200,
      202,
      207,
      70,
      209,
      202,
      191,
      209,
      153,
      202,
      207,
      200,
      156,
      200,
      206,
      203,
      205,
      200,
      202,
      191,
      207,
      206,
      203,
      203,
      208,
      207,
      155,
      209,
      74,
      204,
      203,
      205,
      210,
      201,
      205,
      206,
      207,
      201,
      204,
      200,
      204,
      204,
      207,
      205,
      75,
      203,
      200,
      73,
      205,
      135,
      204,
      210,
      206
    ],
    "ml_forward_calls": [
      25,
      22,
      26,
      29,
      27,
      20,
      22,
      22,
      25,
      36,
      22,
      24,
      21,
      32,
      23,
      19,
      30,
      19,
      24,
      21,
      25,
      31,
      22,
      19,
      34,
      23,
      27,
      27,
      26,
      22,
      29,
      26,
      23,
      26,
      30,
      22,
      29,
      33,
      23,
      22,
      22,
      24,
      24,
      25,
      28,
      31,
      22,
      23,
      27,
      25,
      10,
      21,
      23,
      27,
      28,
      22,
      23,
      27,
      21,
      19,
      36,
      23,
      33,
      20,
      33,
      21,
      30,
      22,
      34,
      24,
      23,
      28,
      24,
      28,
      22,
      12,
      38,
      31,
      31,
      29,
      22,
      25,
      21,
      22,
      25,
      21,
      33,
      27,
      27,
      22,
      27,
      9,
      20,
      23,
      13,
      22,
      19,
      32,
      24,
      27
    ],
    "mm_forward_calls": [
      66,
      65,
      72,
      94,
      76,
      46,
      54,
      56,
      66,
      107,
      61,
      59,
      55,
      87,
      64,
      61,
      94,
      44,
      62,
      52,
      71,
      87,
      57,
      46,
      113,
      62,
      74,
      78,
      72,
      53,
      89,
      67,
      64,
      77,
      89,
      54,
      95,
      119,
      64,
      53,
      59,
      68,
      63,
      97,
      76,
      92,
      57,
      57,
      77,
      69,
      35,
      50,
      63,
      87,
      79,
      61,
      58,
      77,
      52,
      51,
      126,
      60,
      101,
      50,
      111,
      48,
      101,
      54,
      110,
      67,
      52,
      75,
      62,
      86,
      53,
      44,
      121,
      87,
      96,
      91,
      55,
      74,
      50,
      52,
      69,
      55,
      112,
      77,
      80,
      51,
      75,
      28,
      47,
      67,
      43,
      60,
      53,
      96,
      60,
      67
    ],
    "ms_forward_calls": [
      320,
      271,
      326,
      414,
      361,
      217,
      235,
      235,
      309,
      480,
      276,
      283,
      267,
      391,
      288,
      245,
      448,
      219,
      295,
      231,
      335,
      401,
      239,
      217,
      527,
      292,
      330,
      343,
      323,
      240,
      398,
      314,
      265,
      332,
      412,
      259,
      443,
      533,
      287,
      238,
      272,
      305,
      304,
      417,
      365,
      430,
      261,
      274,
      346,
      329,
      132,
      238,
      290,
      387,
      361,
      247,
      274,
      357,
      230,
      237,
      558,
      257,
      464,
      215,
      495,
      224,
      479,
      246,
      492,
      273,
      254,
      363,
      308,
      388,
      234,
      175,
      530,
      392,
      394,
      424,
      244,
      314,
      232,
      228,
      320,
      257,
      500,
      374,
      376,
      232,
      345,
      126,
      220,
      301,
      154,
      280,
      234,
      428,
      285,
      326
    ],